,,,Nombre de sujets de JT,Nombre de sujets de JT,Nombre de sujets de JT,Nombre de sujets de JT,Nombre de sujets de JT,Nombre de sujets de JT,Nombre de sujets de JT
MOIS,ANNEE,THEMATIQUES,TF1,France 2,France 3,Canal +,Arte,M6,Totaux
1,2005,Catastrophes,214,191,88,18,40,49,600
1,2005,Culture-loisirs,27,42,35,4,0,23,131
1,2005,Economie,35,18,10,1,8,11,83
1,2005,Education,14,12,4,3,3,8,44
1,2005,Environnement,31,25,15,1,3,10,85
1,2005,Faits divers,24,19,9,1,1,14,68
1,2005,Histoire-hommages,36,38,24,10,23,19,150
1,2005,International,52,61,54,15,108,26,316
1,2005,Justice,20,27,16,11,11,7,92
1,2005,Politique France,27,25,25,6,22,8,113
1,2005,Sante,21,19,15,0,2,12,69
1,2005,Sciences et techniques,28,11,11,4,2,7,63
1,2005,Societe,139,129,65,24,31,53,441
1,2005,Sport,37,49,19,7,0,32,144
2,2005,Catastrophes,42,30,13,4,14,14,117
2,2005,Culture-loisirs,41,66,23,12,5,29,176
2,2005,Economie,46,43,24,2,7,11,133
2,2005,Education,27,31,22,7,7,10,104
2,2005,Environnement,46,25,12,0,6,7,96
2,2005,Faits divers,17,16,13,8,0,10,64
2,2005,Histoire-hommages,14,12,12,1,9,4,52
2,2005,International,100,110,81,26,160,32,509
2,2005,Justice,56,52,43,15,8,26,200
2,2005,Politique France,23,18,13,2,4,6,66
2,2005,Sante,50,41,20,9,6,16,142
2,2005,Sciences et techniques,17,15,10,0,4,4,50
2,2005,Societe,177,132,67,29,27,70,502
2,2005,Sport,54,58,29,18,3,38,200
3,2005,Catastrophes,47,44,27,1,10,20,149
3,2005,Culture-loisirs,48,81,38,14,2,39,222
3,2005,Economie,92,50,27,2,13,14,198
3,2005,Education,33,24,15,3,4,18,97
3,2005,Environnement,57,57,14,4,0,13,145
3,2005,Faits divers,32,28,18,3,9,12,102
3,2005,Histoire-hommages,7,7,1,1,3,0,19
3,2005,International,109,140,104,30,189,47,619
3,2005,Justice,44,60,30,13,21,14,182
3,2005,Politique France,38,22,22,5,5,12,104
3,2005,Sante,69,75,44,14,19,40,261
3,2005,Sciences et techniques,29,27,8,3,3,6,76
3,2005,Societe,217,187,89,34,39,78,644
3,2005,Sport,55,63,31,15,1,46,211
4,2005,Catastrophes,16,17,7,1,2,7,50
4,2005,Culture-loisirs,28,46,21,8,1,20,124
4,2005,Economie,57,38,20,11,17,12,155
4,2005,Education,12,13,7,2,2,7,43
4,2005,Environnement,30,11,6,1,1,10,59
4,2005,Faits divers,20,19,15,4,4,8,70
4,2005,Histoire-hommages,34,34,19,6,13,14,120
4,2005,International,74,82,66,16,130,23,391
4,2005,Justice,33,26,35,19,5,18,136
4,2005,Politique France,31,23,15,5,5,10,89
4,2005,Sante,23,24,18,5,3,8,81
4,2005,Sciences et techniques,13,12,8,1,5,6,45
4,2005,Societe,275,276,154,47,92,118,962
4,2005,Sport,31,26,16,8,1,29,111
5,2005,Catastrophes,12,11,7,1,0,8,39
5,2005,Culture-loisirs,47,78,42,10,4,40,221
5,2005,Economie,74,65,26,8,15,15,203
5,2005,Education,24,9,7,1,4,6,51
5,2005,Environnement,33,26,9,1,3,7,79
5,2005,Faits divers,18,27,21,9,0,12,87
5,2005,Histoire-hommages,22,31,17,4,17,13,104
5,2005,International,154,216,119,42,220,66,817
5,2005,Justice,43,41,26,19,12,17,158
5,2005,Politique France,56,57,47,16,13,24,213
5,2005,Sante,48,35,22,2,2,22,131
5,2005,Sciences et techniques,31,23,6,0,2,7,69
5,2005,Societe,176,143,82,27,37,60,525
5,2005,Sport,58,61,38,14,0,53,224
6,2005,Catastrophes,37,24,20,1,8,12,102
6,2005,Culture-loisirs,38,47,27,2,0,16,130
6,2005,Economie,54,44,35,2,11,10,156
6,2005,Education,19,22,12,3,2,13,71
6,2005,Environnement,54,46,10,0,10,11,131
6,2005,Faits divers,13,24,19,10,0,11,77
6,2005,Histoire-hommages,3,10,6,0,3,3,25
6,2005,International,95,105,91,14,168,26,499
6,2005,Justice,51,44,31,11,12,20,169
6,2005,Politique France,29,25,21,4,5,5,89
6,2005,Sante,23,32,13,6,1,10,85
6,2005,Sciences et techniques,22,25,3,1,3,4,58
6,2005,Societe,168,134,72,21,26,67,488
6,2005,Sport,53,49,34,12,2,29,179
7,2005,Catastrophes,43,46,15,9,12,13,138
7,2005,Culture-loisirs,47,61,25,2,3,19,157
7,2005,Economie,43,34,25,11,12,13,138
7,2005,Education,9,11,8,2,1,3,34
7,2005,Environnement,42,48,18,3,9,18,138
7,2005,Faits divers,14,11,8,4,1,8,46
7,2005,Histoire-hommages,8,11,9,1,4,4,37
7,2005,International,185,208,134,52,148,72,799
7,2005,Justice,22,23,23,14,17,12,111
7,2005,Politique France,29,31,21,9,8,11,109
7,2005,Sante,21,9,4,1,3,3,41
7,2005,Sciences et techniques,16,24,7,9,9,8,73
7,2005,Societe,89,84,61,28,27,42,331
7,2005,Sport,81,94,55,31,4,55,320
8,2005,Catastrophes,142,169,96,35,48,58,548
8,2005,Culture-loisirs,48,72,31,6,7,23,187
8,2005,Economie,58,58,35,9,5,19,184
8,2005,Education,25,19,12,3,2,15,76
8,2005,Environnement,66,53,27,6,13,16,181
8,2005,Faits divers,34,34,17,10,9,21,125
8,2005,Histoire-hommages,14,15,17,2,12,11,71
8,2005,International,67,81,53,38,176,33,448
8,2005,Justice,15,20,19,4,7,4,69
8,2005,Politique France,16,19,21,8,4,7,75
8,2005,Sante,32,32,12,4,8,13,101
8,2005,Sciences et techniques,26,20,15,7,9,14,91
8,2005,Societe,159,139,116,39,38,54,545
8,2005,Sport,58,69,38,28,4,43,240
9,2005,Catastrophes,115,102,51,19,32,46,365
9,2005,Culture-loisirs,40,55,25,5,1,17,143
9,2005,Economie,63,39,36,21,21,28,208
9,2005,Education,16,19,7,3,0,3,48
9,2005,Environnement,51,34,19,1,5,4,114
9,2005,Faits divers,19,17,15,7,4,14,76
9,2005,Histoire-hommages,7,10,4,4,5,3,33
9,2005,International,65,71,45,25,133,29,368
9,2005,Justice,25,24,20,11,12,13,105
9,2005,Politique France,47,47,46,20,9,19,188
9,2005,Sante,29,21,18,5,4,5,82
9,2005,Sciences et techniques,10,17,8,4,3,5,47
9,2005,Societe,124,102,78,38,32,55,429
9,2005,Sport,41,43,25,11,0,33,153
10,2005,Catastrophes,47,49,30,8,39,22,195
10,2005,Culture-loisirs,42,57,32,7,3,26,167
10,2005,Economie,47,31,18,10,8,7,121
10,2005,Education,15,8,5,1,0,1,30
10,2005,Environnement,22,14,8,3,2,9,58
10,2005,Faits divers,7,11,12,4,3,2,39
10,2005,Histoire-hommages,10,6,8,0,2,5,31
10,2005,International,69,70,59,27,114,29,368
10,2005,Justice,40,40,34,20,16,17,167
10,2005,Politique France,23,21,13,11,3,9,80
10,2005,Sante,63,70,45,15,33,24,250
10,2005,Sciences et techniques,24,22,12,4,7,8,77
10,2005,Societe,153,140,109,39,44,65,550
10,2005,Sport,40,31,23,3,0,25,122
11,2005,Catastrophes,29,22,9,1,13,15,89
11,2005,Culture-loisirs,50,57,43,5,11,19,185
11,2005,Economie,51,40,33,7,10,17,158
11,2005,Education,17,16,8,5,2,3,51
11,2005,Environnement,39,34,15,4,16,13,121
11,2005,Faits divers,24,31,18,15,1,18,107
11,2005,Histoire-hommages,18,12,13,1,4,1,49
11,2005,International,67,74,39,24,127,21,352
11,2005,Justice,45,39,40,18,19,25,186
11,2005,Politique France,32,40,26,13,7,8,126
11,2005,Sante,47,36,26,10,12,16,147
11,2005,Sciences et techniques,20,20,10,1,1,8,60
11,2005,Societe,291,253,203,81,104,116,1048
11,2005,Sport,47,48,22,8,0,33,158
12,2005,Catastrophes,52,42,37,4,12,36,183
12,2005,Culture-loisirs,60,50,30,5,3,18,166
12,2005,Economie,61,64,30,18,9,19,201
12,2005,Education,16,14,5,3,1,4,43
12,2005,Environnement,29,37,14,6,9,8,103
12,2005,Faits divers,17,13,20,7,2,8,67
12,2005,Histoire-hommages,13,12,6,4,3,5,43
12,2005,International,52,67,52,23,107,28,329
12,2005,Justice,32,27,28,12,13,8,120
12,2005,Politique France,24,16,17,5,0,16,78
12,2005,Sante,19,19,12,1,4,7,62
12,2005,Sciences et techniques,30,14,10,2,2,6,64
12,2005,Societe,186,166,104,38,56,60,610
12,2005,Sport,29,27,21,5,2,26,110
1,2006,Catastrophes,43,30,21,6,7,20,127
1,2006,Culture-loisirs,52,63,38,11,4,33,201
1,2006,Economie,47,39,26,8,20,15,155
1,2006,Education,26,12,7,4,2,5,56
1,2006,Environnement,42,46,24,4,8,15,139
1,2006,Faits divers,31,32,20,6,2,18,109
1,2006,Histoire-hommages,10,10,11,6,4,2,43
1,2006,International,79,88,79,31,138,28,443
1,2006,Justice,54,38,34,18,23,28,195
1,2006,Politique France,26,28,26,11,20,10,121
1,2006,Sante,50,42,24,9,27,15,167
1,2006,Sciences et techniques,22,17,17,1,7,9,73
1,2006,Societe,159,142,100,34,43,55,533
1,2006,Sport,40,42,26,5,2,35,150
2,2006,Catastrophes,13,16,7,5,12,13,66
2,2006,Culture-loisirs,42,47,26,11,2,21,149
2,2006,Economie,46,44,18,11,11,18,148
2,2006,Education,6,6,2,0,3,1,18
2,2006,Environnement,32,21,19,8,9,11,100
2,2006,Faits divers,32,28,27,10,7,12,116
2,2006,Histoire-hommages,11,3,2,2,4,1,23
2,2006,International,42,40,45,30,104,20,281
2,2006,Justice,49,44,27,17,17,21,175
2,2006,Politique France,29,21,23,9,11,8,101
2,2006,Sante,99,94,54,29,38,36,350
2,2006,Sciences et techniques,19,12,11,5,3,4,54
2,2006,Societe,124,104,76,40,55,58,457
2,2006,Sport,45,69,42,5,5,42,208
3,2006,Catastrophes,25,18,7,4,3,7,64
3,2006,Culture-loisirs,46,48,28,12,2,16,152
3,2006,Economie,37,29,18,9,12,7,112
3,2006,Education,37,46,30,9,10,20,152
3,2006,Environnement,40,24,20,4,18,6,112
3,2006,Faits divers,16,8,13,6,3,12,58
3,2006,Histoire-hommages,6,2,5,0,2,1,16
3,2006,International,57,72,41,46,133,30,379
3,2006,Justice,45,38,31,26,34,19,193
3,2006,Politique France,32,16,22,10,3,8,91
3,2006,Sante,59,50,21,12,19,15,176
3,2006,Sciences et techniques,14,15,10,10,7,8,64
3,2006,Societe,211,230,147,60,67,78,793
3,2006,Sport,47,42,23,7,2,23,144
4,2006,Catastrophes,12,9,8,1,13,5,48
4,2006,Culture-loisirs,37,66,24,11,2,16,156
4,2006,Economie,53,51,37,15,10,19,185
4,2006,Education,22,24,16,4,3,9,78
4,2006,Environnement,39,26,13,3,8,9,98
4,2006,Faits divers,19,15,11,4,4,16,69
4,2006,Histoire-hommages,5,9,6,3,4,3,30
4,2006,International,49,80,61,48,140,19,397
4,2006,Justice,33,31,30,15,13,13,135
4,2006,Politique France,20,27,26,6,13,7,99
4,2006,Sante,39,31,29,5,7,12,123
4,2006,Sciences et techniques,25,28,12,9,13,10,97
4,2006,Societe,196,163,112,50,55,67,643
4,2006,Sport,47,53,30,7,1,32,170
5,2006,Catastrophes,35,29,17,4,9,11,105
5,2006,Culture-loisirs,63,60,43,6,5,23,200
5,2006,Economie,64,49,30,14,13,13,183
5,2006,Education,23,17,5,1,2,6,54
5,2006,Environnement,34,33,18,4,9,11,109
5,2006,Faits divers,20,15,16,6,8,16,81
5,2006,Histoire-hommages,12,7,9,3,6,7,44
5,2006,International,43,66,39,40,146,19,353
5,2006,Justice,75,84,78,42,36,39,354
5,2006,Politique France,37,35,25,15,17,7,136
5,2006,Sante,27,29,19,3,11,10,99
5,2006,Sciences et techniques,28,15,14,6,2,5,70
5,2006,Societe,157,127,70,52,37,44,487
5,2006,Sport,61,50,28,19,4,23,185
6,2006,Catastrophes,10,11,7,3,6,4,41
6,2006,Culture-loisirs,41,41,31,14,0,19,146
6,2006,Economie,33,39,37,11,17,13,150
6,2006,Education,27,20,8,1,1,10,67
6,2006,Environnement,32,23,9,4,6,11,85
6,2006,Faits divers,26,21,20,5,3,13,88
6,2006,Histoire-hommages,7,13,7,1,4,2,34
6,2006,International,41,45,39,38,121,11,295
6,2006,Justice,40,52,38,19,23,23,195
6,2006,Politique France,29,46,31,11,11,16,144
6,2006,Sante,18,15,14,4,5,9,65
6,2006,Sciences et techniques,13,16,12,1,3,2,47
6,2006,Societe,109,120,76,29,40,34,408
6,2006,Sport,218,163,79,26,29,75,590
7,2006,Catastrophes,22,11,12,4,5,10,64
7,2006,Culture-loisirs,41,59,37,9,2,18,166
7,2006,Economie,31,31,17,3,8,9,99
7,2006,Education,9,10,2,2,2,3,28
7,2006,Environnement,46,42,23,2,5,14,132
7,2006,Faits divers,9,17,18,0,0,7,51
7,2006,Histoire-hommages,5,8,6,3,3,1,26
7,2006,International,129,142,103,49,172,49,644
7,2006,Justice,12,19,24,7,8,8,78
7,2006,Politique France,23,18,19,10,6,9,85
7,2006,Sante,29,32,23,9,3,13,109
7,2006,Sciences et techniques,10,15,9,2,8,5,49
7,2006,Societe,82,104,84,29,36,42,377
7,2006,Sport,174,161,96,20,27,83,561
8,2006,Catastrophes,37,42,29,5,14,29,156
8,2006,Culture-loisirs,37,60,32,8,3,16,156
8,2006,Economie,56,45,28,6,8,9,152
8,2006,Education,20,21,8,3,1,8,61
8,2006,Environnement,57,33,35,9,17,10,161
8,2006,Faits divers,22,23,16,4,1,11,77
8,2006,Histoire-hommages,4,4,2,2,7,2,21
8,2006,International,134,134,111,59,172,44,654
8,2006,Justice,13,10,18,2,10,6,59
8,2006,Politique France,37,49,38,21,14,25,184
8,2006,Sante,25,22,13,7,10,10,87
8,2006,Sciences et techniques,27,30,14,3,2,13,89
8,2006,Societe,107,84,78,24,42,43,378
8,2006,Sport,65,58,42,21,1,37,224
9,2006,Catastrophes,29,18,15,3,11,7,83
9,2006,Culture-loisirs,37,55,38,15,1,13,159
9,2006,Economie,49,48,25,10,15,13,160
9,2006,Education,35,25,14,7,4,12,97
9,2006,Environnement,32,29,17,8,10,6,102
9,2006,Faits divers,19,29,23,13,5,14,103
9,2006,Histoire-hommages,10,13,10,0,2,6,41
9,2006,International,93,78,55,36,169,18,449
9,2006,Justice,39,34,32,19,14,20,158
9,2006,Politique France,63,51,49,20,14,19,216
9,2006,Sante,35,35,24,9,3,13,119
9,2006,Sciences et techniques,28,13,18,4,7,9,79
9,2006,Societe,134,113,80,36,41,53,457
9,2006,Sport,47,42,15,11,0,28,143
10,2006,Catastrophes,32,34,19,7,6,16,114
10,2006,Culture-loisirs,58,77,36,13,7,18,209
10,2006,Economie,57,44,27,8,21,15,172
10,2006,Education,28,18,8,0,0,2,56
10,2006,Environnement,55,32,14,6,9,7,123
10,2006,Faits divers,16,23,12,11,5,20,87
10,2006,Histoire-hommages,6,9,7,0,8,0,30
10,2006,International,59,58,54,35,153,13,372
10,2006,Justice,54,57,44,43,16,24,238
10,2006,Politique France,55,54,50,20,20,21,220
10,2006,Sante,50,45,26,1,5,10,137
10,2006,Sciences et techniques,44,31,11,11,17,13,127
10,2006,Societe,190,153,131,54,80,73,681
10,2006,Sport,55,48,28,22,1,35,189
11,2006,Catastrophes,15,14,6,1,3,3,42
11,2006,Culture-loisirs,36,54,28,19,2,17,156
11,2006,Economie,53,47,22,4,14,14,154
11,2006,Education,22,13,4,0,1,4,44
11,2006,Environnement,30,34,11,1,8,8,92
11,2006,Faits divers,15,20,9,5,1,10,60
11,2006,Histoire-hommages,13,13,6,2,6,4,44
11,2006,International,61,84,54,32,145,19,395
11,2006,Justice,48,54,45,29,20,24,220
11,2006,Politique France,53,53,35,27,13,20,201
11,2006,Sante,23,22,17,5,4,5,76
11,2006,Sciences et techniques,29,12,3,4,7,4,59
11,2006,Societe,142,134,95,30,54,53,508
11,2006,Sport,59,60,33,20,2,32,206
12,2006,Catastrophes,22,26,10,3,13,8,82
12,2006,Culture-loisirs,53,70,34,16,5,16,194
12,2006,Economie,58,45,21,12,14,19,169
12,2006,Education,16,16,9,1,3,6,51
12,2006,Environnement,31,27,14,3,6,4,85
12,2006,Faits divers,33,37,28,12,9,20,139
12,2006,Histoire-hommages,11,16,8,5,11,8,59
12,2006,International,59,61,45,27,124,21,337
12,2006,Justice,32,44,41,14,27,27,185
12,2006,Politique France,36,38,44,17,13,11,159
12,2006,Sante,23,21,13,4,6,6,73
12,2006,Sciences et techniques,19,19,10,5,6,13,72
12,2006,Societe,186,166,116,36,37,46,587
12,2006,Sport,31,47,15,10,1,16,120
1,2007,Catastrophes,55,31,18,11,6,12,133
1,2007,Culture-loisirs,68,80,45,21,2,27,243
1,2007,Economie,49,49,39,11,12,15,175
1,2007,Education,20,7,2,0,2,2,33
1,2007,Environnement,80,69,39,10,14,21,233
1,2007,Faits divers,33,32,34,18,3,26,146
1,2007,Histoire-hommages,33,33,21,5,15,11,118
1,2007,International,86,79,65,52,157,25,464
1,2007,Justice,45,40,27,16,22,13,163
1,2007,Politique France,67,73,70,34,15,42,301
1,2007,Sante,51,39,21,8,7,8,134
1,2007,Sciences et techniques,22,19,4,4,3,1,53
1,2007,Societe,200,156,94,43,60,52,605
1,2007,Sport,59,67,37,17,1,29,210
2,2007,Catastrophes,29,30,16,5,8,12,100
2,2007,Culture-loisirs,59,68,41,20,6,26,220
2,2007,Economie,71,47,43,17,28,18,224
2,2007,Education,20,11,3,0,0,5,39
2,2007,Environnement,61,29,22,8,10,12,142
2,2007,Faits divers,30,15,20,12,3,14,94
2,2007,Histoire-hommages,15,6,6,5,3,5,40
2,2007,International,72,70,38,39,130,26,375
2,2007,Justice,41,31,28,19,26,14,159
2,2007,Politique France,79,79,70,34,16,40,318
2,2007,Sante,39,39,14,6,16,13,127
2,2007,Sciences et techniques,15,17,8,1,1,5,47
2,2007,Societe,128,102,69,24,43,32,398
2,2007,Sport,50,60,34,8,6,20,178
3,2007,Catastrophes,23,18,8,5,6,9,69
3,2007,Culture-loisirs,53,56,27,7,2,12,157
3,2007,Economie,72,34,28,11,16,13,174
3,2007,Education,25,17,6,3,4,3,58
3,2007,Environnement,44,30,10,5,12,8,109
3,2007,Faits divers,25,19,17,6,3,19,89
3,2007,Histoire-hommages,7,4,4,2,1,2,20
3,2007,International,68,66,47,49,123,17,370
3,2007,Justice,44,24,30,24,19,15,156
3,2007,Politique France,96,119,75,49,29,51,419
3,2007,Sante,31,25,14,6,3,6,85
3,2007,Sciences et techniques,33,12,2,5,3,10,65
3,2007,Societe,155,115,80,44,46,47,487
3,2007,Sport,53,63,29,20,0,26,191
4,2007,Catastrophes,19,20,5,6,6,9,65
4,2007,Culture-loisirs,30,30,25,6,0,14,105
4,2007,Economie,37,19,10,5,11,5,87
4,2007,Education,7,6,1,1,2,0,17
4,2007,Environnement,37,24,8,6,9,8,92
4,2007,Faits divers,42,50,40,21,6,27,186
4,2007,Histoire-hommages,15,10,10,6,9,7,57
4,2007,International,62,53,38,52,149,16,370
4,2007,Justice,34,22,22,18,15,14,125
4,2007,Politique France,133,148,118,49,39,74,561
4,2007,Sante,26,23,11,7,0,9,76
4,2007,Sciences et techniques,19,22,13,11,2,6,73
4,2007,Societe,127,107,51,33,32,36,386
4,2007,Sport,46,40,20,13,0,28,147
5,2007,Catastrophes,25,21,16,4,1,12,79
5,2007,Culture-loisirs,61,73,52,9,4,27,226
5,2007,Economie,45,37,16,16,19,14,147
5,2007,Education,22,18,6,1,0,3,50
5,2007,Environnement,60,52,14,9,10,11,156
5,2007,Faits divers,26,19,18,10,0,12,85
5,2007,Histoire-hommages,16,8,14,4,10,6,58
5,2007,International,108,90,82,55,182,38,555
5,2007,Justice,27,29,21,19,21,19,136
5,2007,Politique France,148,168,126,49,38,83,612
5,2007,Sante,32,14,10,4,1,5,66
5,2007,Sciences et techniques,33,12,2,6,7,6,66
5,2007,Societe,167,114,89,41,49,58,518
5,2007,Sport,58,53,29,24,3,27,194
6,2007,Catastrophes,32,19,8,2,2,4,67
6,2007,Culture-loisirs,38,43,25,20,7,11,144
6,2007,Economie,46,38,24,11,8,5,132
6,2007,Education,27,27,16,8,2,10,90
6,2007,Environnement,38,39,25,12,9,10,133
6,2007,Faits divers,23,14,15,13,0,12,77
6,2007,Histoire-hommages,6,10,4,3,3,2,28
6,2007,International,95,76,68,48,123,30,440
6,2007,Justice,42,47,30,29,17,22,187
6,2007,Politique France,96,97,64,34,18,43,352
6,2007,Sante,27,15,8,8,5,5,68
6,2007,Sciences et techniques,19,11,4,7,4,6,51
6,2007,Societe,137,93,60,55,33,51,429
6,2007,Sport,69,59,34,27,2,28,219
7,2007,Catastrophes,65,59,36,16,20,26,222
7,2007,Culture-loisirs,53,84,55,15,1,24,232
7,2007,Economie,65,49,47,14,29,16,220
7,2007,Education,16,9,7,2,3,5,42
7,2007,Environnement,62,55,24,7,17,27,192
7,2007,Faits divers,28,18,19,10,4,9,88
7,2007,Histoire-hommages,13,8,6,4,4,4,39
7,2007,International,101,75,84,49,168,26,503
7,2007,Justice,58,62,48,37,22,30,257
7,2007,Politique France,48,37,32,7,10,16,150
7,2007,Sante,22,18,15,8,5,14,82
7,2007,Sciences et techniques,23,24,4,10,8,9,78
7,2007,Societe,169,146,90,42,43,69,559
7,2007,Sport,105,112,76,33,10,43,379
8,2007,Catastrophes,69,65,42,17,32,39,264
8,2007,Culture-loisirs,52,45,22,6,7,12,144
8,2007,Economie,57,55,42,15,23,12,204
8,2007,Education,24,21,9,2,1,7,64
8,2007,Environnement,53,36,15,5,8,8,125
8,2007,Faits divers,22,30,22,11,6,16,107
8,2007,Histoire-hommages,15,11,10,4,7,11,58
8,2007,International,52,31,38,37,117,13,288
8,2007,Justice,32,26,19,15,10,8,110
8,2007,Politique France,33,25,27,8,8,13,114
8,2007,Sante,15,7,3,5,8,5,43
8,2007,Sciences et techniques,27,19,18,5,5,9,83
8,2007,Societe,129,127,88,34,53,54,485
8,2007,Sport,89,74,43,27,5,36,274
9,2007,Catastrophes,23,20,13,5,13,7,81
9,2007,Culture-loisirs,46,54,31,18,5,26,180
9,2007,Economie,52,45,29,23,20,11,180
9,2007,Education,21,27,11,7,4,6,76
9,2007,Environnement,34,28,5,5,16,4,92
9,2007,Faits divers,26,28,12,12,4,25,107
9,2007,Histoire-hommages,12,11,10,6,3,6,48
9,2007,International,78,78,37,52,135,23,403
9,2007,Justice,39,30,25,35,13,22,164
9,2007,Politique France,55,42,40,23,14,23,197
9,2007,Sante,25,21,19,7,2,8,82
9,2007,Sciences et techniques,17,11,2,4,1,4,39
9,2007,Societe,123,133,70,52,41,38,457
9,2007,Sport,131,78,47,14,9,39,318
10,2007,Catastrophes,37,26,21,11,11,13,119
10,2007,Culture-loisirs,60,61,42,33,6,32,234
10,2007,Economie,54,46,20,21,13,11,165
10,2007,Education,21,18,8,3,2,7,59
10,2007,Environnement,40,53,20,11,9,9,142
10,2007,Faits divers,37,25,11,12,4,16,105
10,2007,Histoire-hommages,8,5,7,4,8,2,34
10,2007,International,114,114,64,71,178,28,569
10,2007,Justice,68,51,56,52,17,29,273
10,2007,Politique France,50,44,39,19,12,16,180
10,2007,Sante,30,36,9,9,1,9,94
10,2007,Sciences et techniques,22,10,10,1,2,8,53
10,2007,Societe,176,179,88,69,54,61,627
10,2007,Sport,146,118,69,30,7,53,423
11,2007,Catastrophes,29,28,12,10,12,10,101
11,2007,Culture-loisirs,43,41,27,16,3,16,146
11,2007,Economie,44,51,26,29,17,15,182
11,2007,Education,41,40,18,14,8,13,134
11,2007,Environnement,26,24,8,5,9,7,79
11,2007,Faits divers,21,17,20,14,1,14,87
11,2007,Histoire-hommages,16,14,10,5,5,3,53
11,2007,International,103,91,55,56,142,38,485
11,2007,Justice,52,45,43,30,12,28,210
11,2007,Politique France,33,21,15,11,5,3,88
11,2007,Sante,21,6,8,5,2,8,50
11,2007,Sciences et techniques,13,5,6,2,4,4,34
11,2007,Societe,203,192,109,81,50,70,705
11,2007,Sport,51,36,20,13,2,18,140
12,2007,Catastrophes,23,17,14,5,3,2,64
12,2007,Culture-loisirs,68,57,35,17,8,25,210
12,2007,Economie,61,49,38,20,13,18,199
12,2007,Education,17,9,5,1,0,1,33
12,2007,Environnement,56,36,18,10,16,9,145
12,2007,Faits divers,38,33,16,15,4,23,129
12,2007,Histoire-hommages,10,7,4,5,2,2,30
12,2007,International,109,117,69,72,149,48,564
12,2007,Justice,65,51,45,36,16,37,250
12,2007,Politique France,46,35,30,13,10,16,150
12,2007,Sante,24,20,19,8,5,11,87
12,2007,Sciences et techniques,18,12,3,7,5,6,51
12,2007,Societe,159,149,81,63,52,46,550
12,2007,Sport,50,40,19,7,0,17,133
1,2008,Catastrophes,24,14,10,3,2,4,57
1,2008,Culture-loisirs,76,80,53,34,9,33,285
1,2008,Economie,83,89,44,26,29,24,295
1,2008,Education,11,11,5,4,2,2,35
1,2008,Environnement,38,32,16,4,5,7,102
1,2008,Faits divers,45,36,30,17,0,27,155
1,2008,Histoire-hommages,21,15,11,7,9,7,70
1,2008,International,151,144,98,80,212,41,726
1,2008,Justice,58,55,36,32,21,29,231
1,2008,Politique France,72,65,50,21,10,30,248
1,2008,Sante,44,47,30,14,6,16,157
1,2008,Sciences et techniques,19,15,5,3,1,4,47
1,2008,Societe,166,126,73,65,43,67,540
1,2008,Sport,91,81,40,22,3,28,265
2,2008,Catastrophes,15,10,5,3,4,8,45
2,2008,Culture-loisirs,68,72,47,26,9,25,247
2,2008,Economie,73,69,30,27,18,17,234
2,2008,Education,20,13,11,5,2,7,58
2,2008,Environnement,28,13,9,13,3,3,69
2,2008,Faits divers,19,9,11,11,3,16,69
2,2008,Histoire-hommages,15,9,2,5,2,4,37
2,2008,International,103,102,70,73,166,36,550
2,2008,Justice,43,46,32,34,18,20,193
2,2008,Politique France,55,53,53,22,15,26,224
2,2008,Sante,21,21,11,10,3,11,77
2,2008,Sciences et techniques,36,11,5,5,3,9,69
2,2008,Societe,136,96,72,53,35,49,441
2,2008,Sport,56,57,31,17,0,27,188
3,2008,Catastrophes,16,24,10,4,1,6,61
3,2008,Culture-loisirs,51,44,29,14,2,19,159
3,2008,Economie,68,51,29,27,14,15,204
3,2008,Education,17,12,2,3,4,5,43
3,2008,Environnement,38,21,26,12,7,14,118
3,2008,Faits divers,22,18,13,16,2,9,80
3,2008,Histoire-hommages,14,21,10,7,8,5,65
3,2008,International,95,99,52,61,152,27,486
3,2008,Justice,39,43,35,39,15,29,200
3,2008,Politique France,58,67,68,42,13,37,285
3,2008,Sante,24,19,16,13,7,20,99
3,2008,Sciences et techniques,33,13,8,4,6,3,67
3,2008,Societe,134,98,45,61,42,43,423
3,2008,Sport,69,72,35,20,6,33,235
4,2008,Catastrophes,19,18,12,5,2,10,66
4,2008,Culture-loisirs,57,55,42,19,2,31,206
4,2008,Economie,98,83,42,38,46,29,336
4,2008,Education,27,28,20,19,7,16,117
4,2008,Environnement,26,34,13,1,4,10,88
4,2008,Faits divers,47,41,38,29,12,36,203
4,2008,Histoire-hommages,31,28,26,12,7,8,112
4,2008,International,87,98,65,80,178,23,531
4,2008,Justice,37,41,34,28,11,23,174
4,2008,Politique France,41,37,34,25,22,10,169
4,2008,Sante,32,31,12,11,6,19,111
4,2008,Sciences et techniques,31,19,4,6,2,10,72
4,2008,Societe,147,148,79,57,50,51,532
4,2008,Sport,115,115,54,51,26,55,416
5,2008,Catastrophes,85,84,53,36,44,29,331
5,2008,Culture-loisirs,53,59,41,18,2,27,200
5,2008,Economie,79,75,46,30,34,15,279
5,2008,Education,19,18,8,4,5,7,61
5,2008,Environnement,22,23,8,3,5,2,63
5,2008,Faits divers,24,19,18,13,0,24,98
5,2008,Histoire-hommages,23,21,11,8,11,12,86
5,2008,International,58,56,31,48,130,17,340
5,2008,Justice,29,24,26,25,11,15,130
5,2008,Politique France,35,39,25,16,9,9,133
5,2008,Sante,15,16,9,4,2,5,51
5,2008,Sciences et techniques,18,5,7,3,1,1,35
5,2008,Societe,147,119,75,51,32,40,464
5,2008,Sport,69,56,28,22,6,34,215
6,2008,Catastrophes,56,45,20,19,17,19,176
6,2008,Culture-loisirs,40,69,32,16,8,21,186
6,2008,Economie,79,62,50,25,23,18,257
6,2008,Education,19,23,16,7,5,12,82
6,2008,Environnement,34,20,5,4,13,1,77
6,2008,Faits divers,20,39,19,17,5,21,121
6,2008,Histoire-hommages,13,7,4,6,3,1,34
6,2008,International,64,96,61,69,150,17,457
6,2008,Justice,32,23,25,17,9,19,125
6,2008,Politique France,25,29,23,11,6,5,99
6,2008,Sante,24,15,18,7,1,6,71
6,2008,Sciences et techniques,8,10,9,5,4,5,41
6,2008,Societe,131,97,68,53,43,45,437
6,2008,Sport,99,91,45,26,7,57,325
7,2008,Catastrophes,28,31,13,15,2,15,104
7,2008,Culture-loisirs,81,75,43,16,6,25,246
7,2008,Economie,65,63,34,17,31,23,233
7,2008,Education,16,11,2,5,2,6,42
7,2008,Environnement,43,30,20,9,5,11,118
7,2008,Faits divers,51,59,35,33,3,44,225
7,2008,Histoire-hommages,11,6,3,5,2,2,29
7,2008,International,99,111,74,84,203,37,608
7,2008,Justice,32,28,30,24,19,16,149
7,2008,Politique France,70,80,54,29,20,27,280
7,2008,Sante,24,22,8,11,0,7,72
7,2008,Sciences et techniques,32,23,17,12,11,18,113
7,2008,Societe,134,99,77,52,53,63,478
7,2008,Sport,104,113,70,54,12,44,397
8,2008,Catastrophes,48,50,24,15,11,22,170
8,2008,Culture-loisirs,38,51,20,11,1,20,141
8,2008,Economie,43,40,28,18,14,12,155
8,2008,Education,19,7,4,4,,2,36
8,2008,Environnement,20,17,14,6,6,5,68
8,2008,Faits divers,27,18,12,11,2,18,88
8,2008,Histoire-hommages,8,13,11,6,7,4,49
8,2008,International,115,119,92,74,151,45,596
8,2008,Justice,18,24,20,13,17,12,104
8,2008,Politique France,14,16,11,4,3,10,58
8,2008,Sante,19,17,9,7,2,8,62
8,2008,Sciences et techniques,9,12,5,11,3,6,46
8,2008,Societe,92,76,63,37,39,41,348
8,2008,Sport,128,149,88,56,17,63,501
9,2008,Catastrophes,49,49,33,20,21,27,199
9,2008,Culture-loisirs,55,72,50,20,5,28,230
9,2008,Economie,122,127,76,62,65,45,497
9,2008,Education,40,26,10,12,3,19,110
9,2008,Environnement,32,29,17,7,3,9,97
9,2008,Faits divers,51,57,38,20,6,31,203
9,2008,Histoire-hommages,9,14,2,4,6,4,39
9,2008,International,75,107,64,79,158,35,518
9,2008,Justice,26,25,16,22,6,14,109
9,2008,Politique France,43,60,47,25,12,16,203
9,2008,Sante,42,35,14,11,5,20,127
9,2008,Sciences et techniques,18,13,7,6,10,6,60
9,2008,Societe,125,112,75,69,38,50,469
9,2008,Sport,63,59,23,16,1,32,194
10,2008,Catastrophes,7,5,4,6,5,3,30
10,2008,Culture-loisirs,51,65,33,18,4,25,196
10,2008,Economie,128,154,97,85,76,66,606
10,2008,Education,14,6,6,5,4,6,41
10,2008,Environnement,27,19,4,1,8,5,64
10,2008,Faits divers,22,15,11,15,1,12,76
10,2008,Histoire-hommages,25,20,14,10,7,10,86
10,2008,International,55,72,34,69,109,12,351
10,2008,Justice,49,49,37,36,20,34,225
10,2008,Politique France,19,27,18,5,4,6,79
10,2008,Sante,29,31,15,9,2,13,99
10,2008,Sciences et techniques,11,4,4,1,3,6,29
10,2008,Societe,115,97,63,53,30,59,417
10,2008,Sport,47,45,22,13,1,23,151
11,2008,Catastrophes,27,28,13,6,5,10,89
11,2008,Culture-loisirs,55,50,38,24,2,27,196
11,2008,Economie,79,66,46,45,51,28,315
11,2008,Education,12,8,6,2,4,4,36
11,2008,Environnement,20,21,9,5,3,9,67
11,2008,Faits divers,42,35,26,34,8,25,170
11,2008,Histoire-hommages,8,11,6,3,6,5,39
11,2008,International,102,139,61,69,130,35,536
11,2008,Justice,26,28,24,29,18,19,144
11,2008,Politique France,41,57,43,38,14,23,216
11,2008,Sante,21,15,7,7,2,8,60
11,2008,Sciences et techniques,11,11,9,6,6,10,53
11,2008,Societe,133,111,63,74,38,64,483
11,2008,Sport,56,45,20,19,0,27,167
12,2008,Catastrophes,43,40,14,9,2,13,121
12,2008,Culture-loisirs,83,75,53,27,7,39,284
12,2008,Economie,91,104,59,47,47,26,374
12,2008,Education,19,14,19,7,1,9,69
12,2008,Environnement,62,55,27,14,10,10,178
12,2008,Faits divers,48,46,39,36,10,43,222
12,2008,Histoire-hommages,5,3,3,4,5,4,24
12,2008,International,88,104,74,88,165,29,548
12,2008,Justice,38,52,29,52,22,26,219
12,2008,Politique France,20,34,23,19,7,14,117
12,2008,Sante,42,43,16,15,10,21,147
12,2008,Sciences et techniques,8,8,8,3,4,2,33
12,2008,Societe,172,137,100,80,55,75,619
12,2008,Sport,51,54,37,20,0,36,198
1,2009,Catastrophes,70,66,41,18,5,33,233
1,2009,Culture-loisirs,47,48,37,18,2,25,177
1,2009,Economie,52,44,30,41,42,19,228
1,2009,Education,19,12,12,8,5,13,69
1,2009,Environnement,22,20,13,15,2,14,86
1,2009,Faits divers,29,26,17,28,5,24,129
1,2009,Histoire-hommages,10,7,4,4,5,1,31
1,2009,International,93,135,92,93,150,56,619
1,2009,Justice,21,19,16,22,8,11,97
1,2009,Politique France,26,22,17,11,6,12,94
1,2009,Sante,27,30,14,13,5,15,104
1,2009,Sciences et techniques,11,2,8,0,2,3,26
1,2009,Societe,110,97,67,70,34,38,416
1,2009,Sport,40,51,21,17,0,24,153
2,2009,Catastrophes,49,33,21,16,7,15,141
2,2009,Culture-loisirs,47,40,31,21,5,29,173
2,2009,Economie,99,83,51,62,49,38,382
2,2009,Education,16,19,9,12,5,5,66
2,2009,Environnement,15,25,7,12,2,6,67
2,2009,Faits divers,26,33,18,26,2,20,125
2,2009,Histoire-hommages,7,4,4,3,10,1,29
2,2009,International,46,52,40,54,127,23,342
2,2009,Justice,44,45,44,54,13,36,236
2,2009,Politique France,15,25,14,12,5,9,80
2,2009,Sante,17,15,7,4,2,12,57
2,2009,Sciences et techniques,15,6,7,4,1,8,41
2,2009,Societe,133,126,94,66,56,69,544
2,2009,Sport,51,48,32,16,0,28,175
3,2009,Catastrophes,23,17,12,12,1,19,84
3,2009,Culture-loisirs,67,65,50,29,5,33,249
3,2009,Economie,101,116,93,76,53,40,479
3,2009,Education,27,15,15,7,8,10,82
3,2009,Environnement,40,19,12,6,10,9,96
3,2009,Faits divers,37,33,27,23,11,27,158
3,2009,Histoire-hommages,9,14,7,4,6,5,45
3,2009,International,66,89,51,81,153,25,465
3,2009,Justice,41,57,45,56,36,30,265
3,2009,Politique France,25,33,23,10,6,13,110
3,2009,Sante,34,38,14,8,4,16,114
3,2009,Sciences et techniques,22,14,10,11,8,10,75
3,2009,Societe,174,146,113,86,47,93,659
3,2009,Sport,64,56,21,9,1,28,179
4,2009,Catastrophes,35,32,23,17,10,20,137
4,2009,Culture-loisirs,48,53,36,21,6,26,190
4,2009,Economie,52,49,44,23,38,33,239
4,2009,Education,11,11,8,4,2,6,42
4,2009,Environnement,11,7,3,0,6,4,31
4,2009,Faits divers,21,28,24,15,5,21,114
4,2009,Histoire-hommages,8,9,7,8,5,4,41
4,2009,International,72,93,69,66,142,41,483
4,2009,Justice,27,27,26,30,6,19,135
4,2009,Politique France,19,22,18,12,4,12,87
4,2009,Sante,65,66,31,21,13,18,214
4,2009,Sciences et techniques,15,7,6,6,3,2,39
4,2009,Societe,116,108,81,54,29,71,459
4,2009,Sport,37,37,25,15,1,20,135
5,2009,Catastrophes,14,16,14,7,5,8,64
5,2009,Culture-loisirs,61,68,47,24,3,34,237
5,2009,Economie,53,53,30,25,36,20,217
5,2009,Education,31,28,16,20,1,15,111
5,2009,Environnement,32,21,7,6,1,6,73
5,2009,Faits divers,40,37,33,22,3,28,163
5,2009,Histoire-hommages,13,12,7,7,11,6,56
5,2009,International,71,72,74,56,142,17,432
5,2009,Justice,26,41,29,17,11,20,144
5,2009,Politique France,10,22,11,4,3,3,53
5,2009,Sante,43,51,34,11,12,21,172
5,2009,Sciences et techniques,18,15,8,7,1,10,59
5,2009,Societe,128,121,75,63,50,63,500
5,2009,Sport,43,52,26,15,1,31,168
6,2009,Catastrophes,128,131,71,58,22,42,452
6,2009,Culture-loisirs,56,48,35,16,3,25,183
6,2009,Economie,54,45,29,19,48,20,215
6,2009,Education,19,14,10,5,4,12,64
6,2009,Environnement,11,14,8,2,7,7,49
6,2009,Faits divers,20,15,15,17,6,16,89
6,2009,Histoire-hommages,65,64,28,22,12,22,213
6,2009,International,79,120,96,74,197,25,591
6,2009,Justice,36,33,33,27,15,31,175
6,2009,Politique France,45,53,39,18,8,10,173
6,2009,Sante,58,38,23,8,5,15,147
6,2009,Sciences et techniques,9,5,2,2,2,5,25
6,2009,Societe,103,73,63,41,31,56,367
6,2009,Sport,72,62,34,14,0,46,228
7,2009,Catastrophes,56,57,42,26,6,23,210
7,2009,Culture-loisirs,63,56,32,20,8,23,202
7,2009,Economie,47,47,30,17,26,22,189
7,2009,Education,7,8,8,2,0,6,31
7,2009,Environnement,33,21,13,14,9,9,99
7,2009,Faits divers,35,36,18,18,1,24,132
7,2009,Histoire-hommages,52,35,8,14,9,11,129
7,2009,International,29,47,41,49,146,10,322
7,2009,Justice,15,20,24,25,12,10,106
7,2009,Politique France,36,38,34,22,10,19,159
7,2009,Sante,33,38,23,12,6,18,130
7,2009,Sciences et techniques,27,25,16,9,10,11,98
7,2009,Societe,91,82,60,58,38,39,368
7,2009,Sport,66,67,37,34,0,40,244
8,2009,Catastrophes,33,48,28,19,10,21,159
8,2009,Culture-loisirs,62,33,29,12,1,27,164
8,2009,Economie,80,67,47,33,26,19,272
8,2009,Education,14,7,8,3,2,5,39
8,2009,Environnement,43,30,16,9,6,10,114
8,2009,Faits divers,40,40,39,34,9,40,202
8,2009,Histoire-hommages,19,19,8,10,13,6,75
8,2009,International,51,75,56,56,131,25,394
8,2009,Justice,18,16,10,21,16,7,88
8,2009,Politique France,26,27,24,14,6,12,109
8,2009,Sante,36,33,34,22,11,23,159
8,2009,Sciences et techniques,7,8,5,2,3,2,27
8,2009,Societe,87,92,44,40,26,49,338
8,2009,Sport,58,49,24,17,0,25,173
9,2009,Catastrophes,57,41,28,13,8,18,165
9,2009,Culture-loisirs,74,70,42,17,2,41,246
9,2009,Economie,80,69,54,47,37,34,321
9,2009,Education,28,22,6,10,3,17,86
9,2009,Environnement,35,27,23,14,9,15,123
9,2009,Faits divers,30,39,28,26,3,22,148
9,2009,Histoire-hommages,11,21,6,9,12,14,73
9,2009,International,57,88,55,60,186,43,489
9,2009,Justice,50,45,44,38,17,44,238
9,2009,Politique France,54,51,44,32,16,32,229
9,2009,Sante,59,58,48,25,7,35,232
9,2009,Sciences et techniques,22,10,6,1,6,5,50
9,2009,Societe,88,108,62,66,29,72,425
9,2009,Sport,70,55,20,25,4,58,232
10,2009,Catastrophes,34,30,19,11,5,14,113
10,2009,Culture-loisirs,53,51,38,11,3,19,175
10,2009,Economie,55,50,25,30,24,24,208
10,2009,Education,10,15,8,5,3,10,51
10,2009,Environnement,26,18,14,10,11,4,83
10,2009,Faits divers,19,18,12,18,0,18,85
10,2009,Histoire-hommages,4,6,3,3,7,3,26
10,2009,International,44,63,50,46,145,42,390
10,2009,Justice,67,54,50,62,20,65,318
10,2009,Politique France,36,54,28,21,14,41,194
10,2009,Sante,45,24,20,17,11,18,135
10,2009,Sciences et techniques,16,12,12,5,11,10,66
10,2009,Societe,103,79,75,61,30,86,434
10,2009,Sport,61,42,25,15,0,50,193
11,2009,Catastrophes,34,21,14,4,5,13,91
11,2009,Culture-loisirs,51,45,32,11,4,16,159
11,2009,Economie,45,35,23,13,17,32,165
11,2009,Education,6,4,7,3,1,0,21
11,2009,Environnement,27,22,9,8,9,9,84
11,2009,Faits divers,43,43,22,20,2,46,176
11,2009,Histoire-hommages,26,32,39,10,31,17,155
11,2009,International,29,45,37,48,111,36,306
11,2009,Justice,38,36,38,26,24,42,204
11,2009,Politique France,27,34,32,19,10,18,140
11,2009,Sante,58,63,37,24,8,33,223
11,2009,Sciences et techniques,13,11,3,1,6,2,36
11,2009,Societe,105,88,50,50,40,81,414
11,2009,Sport,75,56,25,30,5,76,267
12,2009,Catastrophes,63,45,30,13,3,29,183
12,2009,Culture-loisirs,61,65,43,9,4,26,208
12,2009,Economie,62,46,28,17,36,26,215
12,2009,Education,6,4,5,2,4,2,23
12,2009,Environnement,63,53,58,27,32,29,262
12,2009,Faits divers,50,53,41,23,5,55,227
12,2009,Histoire-hommages,5,10,7,5,11,3,41
12,2009,International,52,72,51,60,150,40,425
12,2009,Justice,53,26,25,17,20,39,180
12,2009,Politique France,23,27,11,4,5,22,92
12,2009,Sante,54,57,35,21,9,45,221
12,2009,Sciences et techniques,6,10,3,3,3,3,28
12,2009,Societe,159,166,101,76,49,122,673
12,2009,Sport,43,43,16,16,0,56,174
1,2010,Catastrophes,162,129,93,54,40,94,572
1,2010,Culture-loisirs,50,38,31,8,60,23,210
1,2010,Economie,37,28,21,19,26,33,164
1,2010,Education,18,12,14,7,0,9,60
1,2010,Environnement,36,24,16,6,5,16,103
1,2010,Faits divers,22,18,19,7,0,28,94
1,2010,Histoire-hommages,10,21,18,10,6,9,74
1,2010,International,42,54,36,50,96,36,314
1,2010,Justice,28,20,8,13,15,15,99
1,2010,Politique France,37,29,31,17,6,19,139
1,2010,Sante,20,16,20,6,8,16,86
1,2010,Sciences et techniques,9,4,2,4,3,4,26
1,2010,Societe,104,96,64,62,45,73,444
1,2010,Sport,48,37,12,2,1,37,137
2,2010,Catastrophes,65,52,37,26,11,35,226
2,2010,Culture-loisirs,56,42,25,18,96,21,258
2,2010,Economie,47,39,21,27,32,26,192
2,2010,Education,25,15,17,15,4,15,91
2,2010,Environnement,34,20,13,4,3,13,87
2,2010,Faits divers,28,16,21,12,8,27,112
2,2010,Histoire-hommages,13,4,8,8,7,6,46
2,2010,International,34,47,36,44,81,31,273
2,2010,Justice,29,24,31,10,10,27,131
2,2010,Politique France,38,43,31,14,6,20,152
2,2010,Sante,14,11,9,7,3,11,55
2,2010,Sciences et techniques,11,12,3,5,4,7,42
2,2010,Societe,111,134,73,70,49,83,520
2,2010,Sport,60,69,26,12,4,61,232
3,2010,Catastrophes,134,98,78,42,11,69,432
3,2010,Culture-loisirs,50,47,29,13,90,27,256
3,2010,Economie,48,50,31,25,56,24,234
3,2010,Education,14,12,8,5,3,12,54
3,2010,Environnement,33,25,22,10,9,18,117
3,2010,Faits divers,30,29,20,24,8,37,148
3,2010,Histoire-hommages,15,15,7,4,6,5,52
3,2010,International,37,49,43,43,123,30,325
3,2010,Justice,39,38,31,28,17,34,187
3,2010,Politique France,75,98,75,32,20,69,369
3,2010,Sante,22,23,13,8,3,21,90
3,2010,Sciences et techniques,10,6,5,6,5,6,38
3,2010,Societe,126,88,77,65,51,86,493
3,2010,Sport,46,65,24,19,0,60,214
4,2010,Catastrophes,87,68,46,21,20,50,292
4,2010,Culture-loisirs,51,39,22,6,74,27,219
4,2010,Economie,41,42,26,18,21,34,182
4,2010,Education,16,10,6,3,4,12,51
4,2010,Environnement,29,28,21,11,5,13,107
4,2010,Faits divers,26,18,22,16,0,35,117
4,2010,Histoire-hommages,12,18,13,8,13,13,77
4,2010,International,33,50,38,40,112,20,293
4,2010,Justice,31,21,23,26,11,30,142
4,2010,Politique France,15,12,4,5,2,7,45
4,2010,Sante,15,18,18,4,0,12,67
4,2010,Sciences et techniques,9,4,3,0,4,7,27
4,2010,Societe,184,174,125,78,56,129,746
4,2010,Sport,39,33,16,14,0,44,146
5,2010,Catastrophes,30,23,17,13,14,19,116
5,2010,Culture-loisirs,53,49,37,11,79,37,266
5,2010,Economie,49,79,34,29,37,52,280
5,2010,Education,11,12,9,3,0,10,45
5,2010,Environnement,74,47,39,23,23,40,246
5,2010,Faits divers,39,27,21,19,1,33,140
5,2010,Histoire-hommages,9,8,6,0,7,3,33
5,2010,International,52,87,51,54,92,39,375
5,2010,Justice,26,37,22,21,5,32,143
5,2010,Politique France,15,14,9,3,2,16,59
5,2010,Sante,21,17,13,5,6,11,73
5,2010,Sciences et techniques,11,2,3,3,3,3,25
5,2010,Societe,123,95,76,53,38,60,445
5,2010,Sport,64,66,31,18,0,56,235
6,2010,Catastrophes,64,45,33,28,8,41,219
6,2010,Culture-loisirs,35,32,31,11,86,23,218
6,2010,Economie,36,38,36,16,20,29,175
6,2010,Education,19,16,10,6,5,11,67
6,2010,Environnement,40,20,12,9,21,20,122
6,2010,Faits divers,37,28,19,20,3,40,147
6,2010,Histoire-hommages,17,18,15,10,7,14,81
6,2010,International,58,68,65,53,150,36,430
6,2010,Justice,25,38,39,30,17,39,188
6,2010,Politique France,33,52,33,19,8,22,167
6,2010,Sante,17,11,9,8,4,10,59
6,2010,Sciences et techniques,6,6,5,6,2,6,31
6,2010,Societe,100,86,79,42,28,70,405
6,2010,Sport,178,160,93,76,17,127,651
7,2010,Catastrophes,38,28,20,18,9,31,144
7,2010,Culture-loisirs,59,51,40,14,90,28,282
7,2010,Economie,31,23,14,11,17,19,115
7,2010,Education,5,5,3,3,2,8,26
7,2010,Environnement,43,29,20,11,16,23,142
7,2010,Faits divers,32,28,22,14,7,26,129
7,2010,Histoire-hommages,10,20,10,4,3,10,57
7,2010,International,29,64,55,35,87,27,297
7,2010,Justice,25,40,20,36,10,44,175
7,2010,Politique France,65,64,51,36,17,36,269
7,2010,Sante,26,26,14,11,2,21,100
7,2010,Sciences et techniques,12,4,3,4,2,7,32
7,2010,Societe,83,87,65,52,32,86,405
7,2010,Sport,74,85,61,44,5,69,338
8,2010,Catastrophes,75,88,69,61,55,58,406
8,2010,Culture-loisirs,65,51,41,11,84,32,284
8,2010,Economie,67,66,32,26,19,36,246
8,2010,Education,24,20,17,5,1,19,86
8,2010,Environnement,50,29,14,10,19,20,142
8,2010,Faits divers,37,28,23,15,3,35,141
8,2010,Histoire-hommages,13,6,3,4,8,4,38
8,2010,International,37,71,57,35,99,37,336
8,2010,Justice,22,27,25,15,4,28,121
8,2010,Politique France,59,73,46,51,18,46,293
8,2010,Sante,16,13,16,6,3,12,66
8,2010,Sciences et techniques,12,9,8,4,2,8,43
8,2010,Societe,138,105,80,60,28,82,493
8,2010,Sport,80,73,55,41,0,64,313
septembre-10,#VALEUR !,25,24,15,10,9,20,103,
septembre-10,#VALEUR !,60,45,40,9,74,37,265,
septembre-10,#VALEUR !,45,32,29,20,13,19,158,
septembre-10,#VALEUR !,19,11,8,3,1,9,51,
septembre-10,#VALEUR !,19,14,5,7,2,4,51,
septembre-10,#VALEUR !,19,19,20,9,3,27,97,
septembre-10,#VALEUR !,17,12,13,7,13,13,75,
septembre-10,#VALEUR !,70,98,81,58,115,43,465,
septembre-10,#VALEUR !,24,27,29,24,4,29,137,
septembre-10,#VALEUR !,40,45,26,23,11,28,173,
septembre-10,#VALEUR !,24,24,17,5,1,17,88,
septembre-10,#VALEUR !,12,9,4,4,7,3,39,
septembre-10,#VALEUR !,123,114,106,80,51,90,564,
septembre-10,#VALEUR !,43,35,20,10,0,40,148,
10,2010,Catastrophes,31,27,14,15,12,28,127
10,2010,Culture-loisirs,52,43,35,10,86,42,268
10,2010,Economie,32,32,18,12,16,14,124
10,2010,Education,9,5,2,2,0,1,19
10,2010,Environnement,28,16,18,8,12,14,96
10,2010,Faits divers,22,16,26,13,0,25,102
10,2010,Histoire-hommages,10,9,6,3,7,3,38
10,2010,International,28,61,44,36,94,16,279
10,2010,Justice,24,24,34,24,8,27,141
10,2010,Politique France,12,11,9,4,5,6,47
10,2010,Sante,19,24,15,10,4,16,88
10,2010,Sciences et techniques,12,9,6,1,4,13,45
10,2010,Societe,229,261,186,117,67,137,997
10,2010,Sport,37,32,18,6,0,18,111
11,2010,Catastrophes,61,67,50,20,6,41,245
11,2010,Culture-loisirs,65,46,29,14,88,48,290
11,2010,Economie,57,44,45,24,36,23,229
11,2010,Education,16,17,13,5,3,10,64
11,2010,Environnement,60,45,43,16,6,13,183
11,2010,Faits divers,43,38,36,20,7,42,186
11,2010,Histoire-hommages,15,7,6,6,8,8,50
11,2010,International,72,101,93,56,117,49,488
11,2010,Justice,35,32,35,25,13,31,171
11,2010,Politique France,66,88,58,28,14,29,283
11,2010,Sante,30,32,31,10,11,18,132
11,2010,Sciences et techniques,19,15,8,7,15,11,75
11,2010,Societe,122,156,96,74,49,120,617
11,2010,Sport,58,55,36,11,1,42,203
12,2010,Catastrophes,134,109,98,37,8,59,445
12,2010,Culture-loisirs,70,36,22,8,65,39,240
12,2010,Economie,35,35,26,14,19,24,153
12,2010,Education,6,10,4,4,4,6,34
12,2010,Environnement,26,27,21,12,7,26,119
12,2010,Faits divers,22,16,20,18,0,24,100
12,2010,Histoire-hommages,5,8,2,6,6,4,31
12,2010,International,56,102,94,48,110,46,456
12,2010,Justice,24,37,30,25,18,26,160
12,2010,Politique France,27,31,32,7,4,8,109
12,2010,Sante,17,22,22,5,2,14,82
12,2010,Sciences et techniques,6,5,3,3,0,5,22
12,2010,Societe,115,98,73,47,33,63,429
12,2010,Sport,23,20,9,6,1,15,74
1,2011,Catastrophes,41,32,28,21,8,25,155
1,2011,Culture-loisirs,60,41,37,5,75,56,274
1,2011,Economie,50,27,24,18,20,16,155
1,2011,Education,13,12,8,4,1,11,49
1,2011,Environnement,14,8,9,3,1,7,42
1,2011,Faits divers,38,43,37,16,4,44,182
1,2011,Histoire-hommages,13,8,6,1,5,3,36
1,2011,International,145,201,133,82,153,99,813
1,2011,Justice,24,28,23,20,3,18,116
1,2011,Politique France,29,46,31,9,4,16,135
1,2011,Sante,33,27,22,13,5,28,128
1,2011,Sciences et techniques,6,6,9,2,1,3,27
1,2011,Societe,89,83,55,38,23,66,354
1,2011,Sport,36,39,16,2,1,13,107
2,2011,Catastrophes,25,18,19,13,2,10,87
2,2011,Culture-loisirs,50,37,20,5,73,42,227
2,2011,Economie,49,44,36,14,5,18,166
2,2011,Education,9,8,12,5,0,7,41
2,2011,Environnement,18,11,7,1,0,11,48
2,2011,Faits divers,48,43,45,18,1,56,211
2,2011,Histoire-hommages,8,9,3,2,9,2,33
2,2011,International,160,225,142,110,187,86,910
2,2011,Justice,40,43,38,35,8,37,201
2,2011,Politique France,30,42,21,24,4,16,137
2,2011,Sante,25,19,12,8,4,20,88
2,2011,Sciences et techniques,11,5,8,5,3,9,41
2,2011,Societe,78,52,50,33,22,65,300
2,2011,Sport,43,52,25,12,0,31,163
3,2011,Catastrophes,94,83,58,44,16,77,372
3,2011,Culture-loisirs,59,45,22,4,79,50,259
3,2011,Economie,62,37,29,21,7,39,195
3,2011,Education,9,11,5,3,1,9,38
3,2011,Environnement,120,121,69,28,48,80,466
3,2011,Faits divers,30,36,30,14,1,41,152
3,2011,Histoire-hommages,15,12,10,3,4,7,51
3,2011,International,179,218,142,105,193,97,934
3,2011,Justice,19,24,22,19,9,27,120
3,2011,Politique France,77,123,83,29,8,47,367
3,2011,Sante,31,11,21,9,0,18,90
3,2011,Sciences et techniques,7,13,7,2,7,9,45
3,2011,Societe,70,51,49,44,14,52,280
3,2011,Sport,41,42,15,5,0,17,120
4,2011,Catastrophes,22,20,15,12,5,16,90
4,2011,Culture-loisirs,56,40,24,7,55,46,228
4,2011,Economie,49,48,32,21,13,29,192
4,2011,Education,10,5,8,1,1,1,26
4,2011,Environnement,56,30,31,7,19,21,164
4,2011,Faits divers,58,48,44,19,1,48,218
4,2011,Histoire-hommages,6,5,3,1,6,3,24
4,2011,International,115,184,114,91,163,64,731
4,2011,Justice,18,22,21,16,8,22,107
4,2011,Politique France,22,43,34,15,3,16,133
4,2011,Sante,18,19,25,7,1,22,92
4,2011,Sciences et techniques,12,10,11,6,12,6,57
4,2011,Societe,122,101,75,37,28,95,458
4,2011,Sport,37,32,16,2,1,10,98
5,2011,Catastrophes,44,33,22,21,4,17,141
5,2011,Culture-loisirs,57,52,33,5,92,50,289
5,2011,Economie,44,27,26,15,16,21,149
5,2011,Education,20,18,11,3,3,10,65
5,2011,Environnement,48,44,27,15,21,31,186
5,2011,Faits divers,27,20,25,8,1,35,116
5,2011,Histoire-hommages,16,15,15,5,10,10,71
5,2011,International,120,157,128,86,172,94,757
5,2011,Justice,131,130,81,51,25,78,496
5,2011,Politique France,64,71,48,29,4,44,260
5,2011,Sante,36,44,36,15,7,35,173
5,2011,Sciences et techniques,11,6,6,2,0,8,33
5,2011,Societe,114,87,61,32,38,99,431
5,2011,Sport,59,72,41,13,8,41,234
6,2011,Catastrophes,22,26,28,12,0,23,111
6,2011,Culture-loisirs,43,30,20,5,70,42,210
6,2011,Economie,53,51,42,16,26,28,216
6,2011,Education,39,29,18,15,0,21,122
6,2011,Environnement,38,24,12,7,11,16,108
6,2011,Faits divers,43,37,30,18,0,37,165
6,2011,Histoire-hommages,15,10,2,0,8,4,39
6,2011,International,74,118,77,62,124,44,499
6,2011,Justice,62,65,45,40,11,55,278
6,2011,Politique France,50,74,48,24,5,37,238
6,2011,Sante,48,38,31,11,7,42,177
6,2011,Sciences et techniques,10,9,6,4,4,6,39
6,2011,Societe,90,88,53,53,29,60,373
6,2011,Sport,47,39,22,4,3,26,141
7,2011,Catastrophes,32,32,20,15,11,21,131
7,2011,Culture-loisirs,68,39,28,11,27,44,217
7,2011,Economie,67,65,49,30,23,28,262
7,2011,Education,12,14,8,4,0,5,43
7,2011,Environnement,23,29,21,12,5,16,106
7,2011,Faits divers,33,21,18,13,1,35,121
7,2011,Histoire-hommages,16,12,9,7,4,5,53
7,2011,International,75,105,69,80,118,48,495
7,2011,Justice,53,54,29,30,8,33,207
7,2011,Politique France,38,60,43,29,5,26,201
7,2011,Sante,14,11,10,5,0,8,48
7,2011,Sciences et techniques,18,9,9,4,2,14,56
7,2011,Societe,91,84,68,49,22,92,406
7,2011,Sport,67,67,43,30,3,45,255
8,2011,Catastrophes,44,50,36,24,15,27,196
8,2011,Culture-loisirs,77,50,26,7,44,45,249
8,2011,Economie,129,136,79,52,42,63,501
8,2011,Education,16,22,15,6,0,10,69
8,2011,Environnement,48,32,23,6,9,21,139
8,2011,Faits divers,49,54,57,29,1,69,259
8,2011,Histoire-hommages,9,8,5,9,6,2,39
8,2011,International,77,111,68,83,158,37,534
8,2011,Justice,44,46,36,30,9,33,198
8,2011,Politique France,36,28,38,17,2,20,141
8,2011,Sante,18,17,18,14,3,20,90
8,2011,Sciences et techniques,14,6,3,3,0,4,30
8,2011,Societe,137,124,92,79,38,125,595
8,2011,Sport,81,57,41,24,1,31,235
9,2011,Catastrophes,17,19,13,5,1,16,71
9,2011,Culture-loisirs,49,39,27,14,58,46,233
9,2011,Economie,78,92,39,51,41,37,338
9,2011,Education,18,25,15,10,4,21,93
9,2011,Environnement,23,17,5,6,6,11,68
9,2011,Faits divers,28,29,32,10,0,42,141
9,2011,Histoire-hommages,9,13,9,3,4,8,46
9,2011,International,85,81,44,73,142,35,460
9,2011,Justice,61,73,63,59,15,64,335
9,2011,Politique France,49,55,53,34,7,35,233
9,2011,Sante,23,14,22,11,5,9,84
9,2011,Sciences et techniques,13,8,10,9,2,12,54
9,2011,Societe,71,71,43,53,20,56,314
9,2011,Sport,61,53,29,21,0,33,197
10,2011,Catastrophes,26,26,16,15,8,18,109
10,2011,Culture-loisirs,53,31,23,15,62,49,233
10,2011,Economie,63,65,37,40,37,41,283
10,2011,Education,12,12,2,7,0,5,38
10,2011,Environnement,23,13,10,10,3,10,69
10,2011,Faits divers,30,34,21,14,3,37,139
10,2011,Histoire-hommages,11,16,4,7,12,4,54
10,2011,International,69,75,59,85,133,50,471
10,2011,Justice,45,36,41,28,4,39,193
10,2011,Politique France,91,140,74,43,10,50,408
10,2011,Sante,20,10,11,2,3,17,63
10,2011,Sciences et techniques,7,8,7,0,1,3,26
10,2011,Societe,86,74,57,73,33,78,401
10,2011,Sport,75,63,33,18,0,36,225
11,2011,Catastrophes,69,50,47,21,3,45,235
11,2011,Culture-loisirs,58,50,29,10,80,64,291
11,2011,Economie,95,105,71,43,33,58,405
11,2011,Education,17,15,6,5,2,9,54
11,2011,Environnement,32,39,16,11,11,10,119
11,2011,Faits divers,60,51,46,19,14,57,247
11,2011,Histoire-hommages,17,17,16,8,7,12,77
11,2011,International,100,111,83,116,176,65,651
11,2011,Justice,48,42,27,49,11,44,221
11,2011,Politique France,43,66,34,28,4,26,201
11,2011,Sante,22,21,20,11,1,20,95
11,2011,Sciences et techniques,20,18,9,12,8,11,78
11,2011,Societe,121,102,78,71,48,111,531
11,2011,Sport,44,33,16,11,0,24,128
12,2011,Catastrophes,38,26,28,10,2,16,120
12,2011,Culture-loisirs,68,42,33,8,47,42,240
12,2011,Economie,67,73,48,37,18,32,275
12,2011,Education,8,8,4,7,1,2,30
12,2011,Environnement,20,20,16,8,8,11,83
12,2011,Faits divers,35,37,33,17,1,37,160
12,2011,Histoire-hommages,13,17,8,9,11,6,64
12,2011,International,61,114,40,67,133,32,447
12,2011,Justice,37,28,31,34,14,33,177
12,2011,Politique France,26,30,27,22,7,19,131
12,2011,Sante,23,33,18,11,2,22,109
12,2011,Sciences et techniques,12,8,10,7,3,8,48
12,2011,Societe,149,125,90,80,25,122,591
12,2011,Sport,38,27,11,14,1,23,114
1,2012,Catastrophes,111,80,45,18,2,45,301
1,2012,Culture-loisirs,73,59,38,16,33,60,279
1,2012,Economie,99,111,78,64,31,56,439
1,2012,Education,14,16,10,6,2,8,56
1,2012,Environnement,26,50,15,16,5,23,135
1,2012,Faits divers,29,27,33,12,3,49,153
1,2012,Histoire-hommages,12,8,9,4,10,8,51
1,2012,International,72,97,53,93,178,44,537
1,2012,Justice,28,23,28,19,14,25,137
1,2012,Politique France,79,103,82,52,13,46,375
1,2012,Sante,32,29,17,11,3,19,111
1,2012,Sciences et techniques,13,9,6,6,3,7,44
1,2012,Societe,111,105,74,61,38,78,467
1,2012,Sport,47,44,24,7,0,26,148
2,2012,Catastrophes,63,59,40,11,0,50,223
2,2012,Culture-loisirs,50,36,29,17,36,52,220
2,2012,Economie,65,68,52,30,26,35,276
2,2012,Education,9,13,7,2,3,5,39
2,2012,Environnement,57,47,22,7,6,19,158
2,2012,Faits divers,25,19,17,5,5,31,102
2,2012,Histoire-hommages,10,12,6,4,11,14,57
2,2012,International,53,74,40,79,132,36,414
2,2012,Justice,26,23,28,32,7,34,150
2,2012,Politique France,87,107,82,51,7,69,403
2,2012,Sante,22,15,15,10,1,13,76
2,2012,Sciences et techniques,5,9,2,4,1,8,29
2,2012,Societe,106,98,62,66,35,73,440
2,2012,Sport,37,35,17,9,0,18,116
3,2012,Catastrophes,58,52,34,16,2,32,194
3,2012,Culture-loisirs,36,22,17,12,20,34,141
3,2012,Economie,38,27,27,21,20,16,149
3,2012,Education,11,15,6,2,0,7,41
3,2012,Environnement,35,27,23,8,12,11,116
3,2012,Faits divers,25,29,15,18,5,28,120
3,2012,Histoire-hommages,19,20,9,5,8,12,73
3,2012,International,40,51,26,68,110,18,313
3,2012,Justice,26,29,15,17,10,19,116
3,2012,Politique France,195,198,155,89,35,147,819
3,2012,Sante,17,19,13,10,5,21,85
3,2012,Sciences et techniques,8,7,8,3,1,5,32
3,2012,Societe,80,101,40,52,29,53,355
3,2012,Sport,36,41,19,6,0,20,122
4,2012,Catastrophes,21,25,17,15,4,16,98
4,2012,Culture-loisirs,37,36,14,14,18,52,171
4,2012,Economie,68,72,35,28,17,29,249
4,2012,Education,9,7,5,1,0,6,28
4,2012,Environnement,27,25,15,9,4,11,91
4,2012,Faits divers,61,42,48,23,5,38,217
4,2012,Histoire-hommages,13,10,9,4,5,5,46
4,2012,International,59,70,33,63,127,25,377
4,2012,Justice,31,35,25,25,12,22,150
4,2012,Politique France,120,129,109,52,39,142,591
4,2012,Sante,14,18,8,4,1,12,57
4,2012,Sciences et techniques,15,13,7,5,4,11,55
4,2012,Societe,72,85,55,53,31,72,368
4,2012,Sport,28,23,22,16,2,22,113
5,2012,Catastrophes,42,37,29,12,3,18,141
5,2012,Culture-loisirs,63,33,30,19,38,61,244
5,2012,Economie,62,69,49,33,33,33,279
5,2012,Education,16,18,6,5,1,6,52
5,2012,Environnement,22,20,9,8,7,9,75
5,2012,Faits divers,40,29,34,12,2,37,154
5,2012,Histoire-hommages,13,18,10,7,3,12,63
5,2012,International,103,144,69,107,169,58,650
5,2012,Justice,28,28,25,33,15,32,161
5,2012,Politique France,174,221,133,62,27,105,722
5,2012,Sante,27,15,12,8,2,22,86
5,2012,Sciences et techniques,7,10,8,5,2,8,40
5,2012,Societe,104,94,61,58,30,104,451
5,2012,Sport,80,63,40,20,3,29,235
6,2012,Catastrophes,15,13,10,12,3,15,68
6,2012,Culture-loisirs,47,20,22,12,31,37,169
6,2012,Economie,58,70,40,34,39,16,257
6,2012,Education,26,33,14,7,0,16,96
6,2012,Environnement,19,15,11,7,9,4,65
6,2012,Faits divers,43,47,41,23,0,42,196
6,2012,Histoire-hommages,22,14,9,4,3,15,67
6,2012,International,55,80,37,46,93,27,338
6,2012,Justice,30,13,25,23,15,12,118
6,2012,Politique France,84,109,89,35,21,83,421
6,2012,Sante,11,19,11,3,1,14,59
6,2012,Sciences et techniques,9,9,8,2,2,4,34
6,2012,Societe,78,97,55,42,31,53,356
6,2012,Sport,86,53,29,23,3,73,267
7,2012,Catastrophes,45,62,39,16,7,44,213
7,2012,Culture-loisirs,79,35,32,9,42,63,260
7,2012,Economie,109,127,72,42,38,67,455
7,2012,Education,11,16,7,5,0,9,48
7,2012,Environnement,37,36,17,9,9,14,122
7,2012,Faits divers,39,36,42,13,2,54,186
7,2012,Histoire-hommages,13,22,13,7,14,11,80
7,2012,International,46,96,45,41,129,26,383
7,2012,Justice,20,26,19,18,14,25,122
7,2012,Politique France,55,55,25,17,6,27,185
7,2012,Sante,19,21,12,8,2,12,74
7,2012,Sciences et techniques,20,14,5,6,6,7,58
7,2012,Societe,94,109,77,51,31,85,447
7,2012,Sport,156,172,105,46,10,75,564
8,2012,Catastrophes,36,47,38,16,8,26,171
8,2012,Culture-loisirs,52,26,17,8,22,36,161
8,2012,Economie,62,69,39,34,28,34,266
8,2012,Education,18,14,5,4,1,9,51
8,2012,Environnement,50,27,20,10,9,19,135
8,2012,Faits divers,22,33,19,14,4,24,116
8,2012,Histoire-hommages,10,17,6,7,6,5,51
8,2012,International,44,85,42,57,109,40,377
8,2012,Justice,19,19,20,20,17,17,112
8,2012,Politique France,37,32,37,18,6,29,159
8,2012,Sante,22,31,21,11,2,20,107
8,2012,Sciences et techniques,27,16,12,5,5,12,77
8,2012,Societe,99,82,62,45,30,74,392
8,2012,Sport,108,179,73,29,3,43,435
9,2012,Catastrophes,18,19,18,8,3,16,82
9,2012,Culture-loisirs,55,35,20,15,27,55,207
9,2012,Economie,63,106,68,32,37,43,349
9,2012,Education,26,26,27,11,0,13,103
9,2012,Environnement,15,14,14,10,5,7,65
9,2012,Faits divers,60,47,38,6,2,49,202
9,2012,Histoire-hommages,15,10,8,3,7,4,47
9,2012,International,52,67,36,49,98,32,334
9,2012,Justice,30,32,29,28,10,31,160
9,2012,Politique France,34,39,38,23,5,29,168
9,2012,Sante,14,27,18,9,2,19,89
9,2012,Sciences et techniques,13,7,6,3,1,5,35
9,2012,Societe,120,138,89,68,59,109,583
9,2012,Sport,44,36,14,9,0,27,130
10,2012,Catastrophes,59,70,45,20,5,60,259
10,2012,Culture-loisirs,64,43,31,19,39,58,254
10,2012,Economie,87,119,60,31,37,32,366
10,2012,Education,16,23,15,4,4,8,70
10,2012,Environnement,25,25,24,7,6,14,101
10,2012,Faits divers,41,53,40,25,1,60,220
10,2012,Histoire-hommages,15,10,8,3,5,4,45
10,2012,International,55,83,45,81,147,32,443
10,2012,Justice,57,64,54,58,19,46,298
10,2012,Politique France,49,68,50,24,11,35,237
10,2012,Sante,31,26,22,9,4,22,114
10,2012,Sciences et techniques,15,12,8,2,2,9,48
10,2012,Societe,133,139,87,72,43,119,593
10,2012,Sport,61,35,23,17,1,29,166
11,2012,Catastrophes,17,28,15,4,3,19,86
11,2012,Culture-loisirs,46,27,24,5,26,47,175
11,2012,Economie,69,94,49,27,23,29,291
11,2012,Education,5,5,5,5,0,3,23
11,2012,Environnement,23,27,18,9,9,11,97
11,2012,Faits divers,38,44,41,13,2,52,190
11,2012,Histoire-hommages,11,13,7,7,5,7,50
11,2012,International,97,115,54,81,118,56,521
11,2012,Justice,27,32,27,22,10,28,146
11,2012,Politique France,56,96,63,32,13,45,305
11,2012,Sante,11,22,17,10,2,13,75
11,2012,Sciences et techniques,8,5,4,6,0,5,28
11,2012,Societe,111,136,72,69,35,92,515
11,2012,Sport,46,32,27,12,0,26,143
12,2012,Catastrophes,27,36,19,12,4,18,116
12,2012,Culture-loisirs,63,50,37,5,23,51,229
12,2012,Economie,64,93,52,39,19,41,308
12,2012,Education,8,14,10,7,1,9,49
12,2012,Environnement,23,25,18,9,14,12,101
12,2012,Faits divers,49,48,36,13,7,53,206
12,2012,Histoire-hommages,7,6,4,3,7,5,32
12,2012,International,45,83,50,49,119,34,380
12,2012,Justice,21,25,23,22,14,20,125
12,2012,Politique France,31,43,22,19,3,18,136
12,2012,Sante,35,25,26,9,2,20,117
12,2012,Sciences et techniques,13,12,6,7,1,9,48
12,2012,Societe,132,171,101,73,45,116,638
12,2012,Sport,33,17,7,16,0,9,82
1,2013,Catastrophes,52,76,25,12,2,48,215
1,2013,Culture-loisirs,76,67,24,12,23,58,260
1,2013,Economie,68,86,61,45,34,42,336
1,2013,Education,13,9,10,3,3,13,51
1,2013,Environnement,28,30,36,9,5,14,122
1,2013,Faits divers,32,42,30,13,8,54,179
1,2013,Histoire-hommages,10,10,4,7,15,5,51
1,2013,International,143,174,96,75,139,82,709
1,2013,Justice,28,44,33,28,14,46,193
1,2013,Politique France,35,33,23,10,5,19,125
1,2013,Sante,17,29,20,13,5,20,104
1,2013,Sciences et techniques,9,11,8,7,3,8,46
1,2013,Societe,154,166,107,81,56,110,674
1,2013,Sport,56,40,27,18,3,31,175
2,2013,Catastrophes,30,31,22,9,0,16,108
2,2013,Culture-loisirs,40,46,26,15,34,41,202
2,2013,Economie,64,70,49,38,26,46,293
2,2013,Education,16,12,13,3,3,21,68
2,2013,Environnement,27,22,12,9,4,5,79
2,2013,Faits divers,32,33,25,21,3,52,166
2,2013,Histoire-hommages,9,9,3,4,6,2,33
2,2013,International,96,111,57,66,119,63,512
2,2013,Justice,16,11,17,19,8,24,95
2,2013,Politique France,16,29,13,8,1,15,82
2,2013,Sante,18,21,16,5,3,14,77
2,2013,Sciences et techniques,14,11,3,11,2,11,52
2,2013,Societe,139,193,118,77,50,128,705
2,2013,Sport,43,34,25,17,1,23,143
3,2013,Catastrophes,42,60,40,9,0,37,188
3,2013,Culture-loisirs,35,24,23,14,21,51,168
3,2013,Economie,51,81,43,35,34,33,277
3,2013,Education,9,9,9,3,0,8,38
3,2013,Environnement,25,27,13,10,10,15,100
3,2013,Faits divers,22,31,14,10,5,17,99
3,2013,Histoire-hommages,13,21,12,10,10,9,75
3,2013,International,45,75,30,77,105,31,363
3,2013,Justice,32,38,35,19,13,44,181
3,2013,Politique France,42,48,39,20,3,34,186
3,2013,Sante,12,15,15,15,2,17,76
3,2013,Sciences et techniques,16,8,7,4,1,8,44
3,2013,Societe,164,156,96,78,50,114,658
3,2013,Sport,38,25,11,14,0,14,102
4,2013,Catastrophes,27,31,24,14,5,21,122
4,2013,Culture-loisirs,79,35,24,13,29,48,228
4,2013,Economie,91,82,48,44,32,38,335
4,2013,Education,14,18,13,3,0,8,56
4,2013,Environnement,37,38,22,10,6,11,124
4,2013,Faits divers,46,52,46,32,3,56,235
4,2013,Histoire-hommages,13,11,9,10,7,6,56
4,2013,International,88,128,59,95,134,75,579
4,2013,Justice,29,34,37,32,20,36,188
4,2013,Politique France,96,127,77,42,18,66,426
4,2013,Sante,29,25,24,15,8,18,119
4,2013,Sciences et techniques,10,13,9,6,3,8,49
4,2013,Societe,118,140,69,59,35,86,507
4,2013,Sport,38,33,30,21,0,18,140
5,2013,Catastrophes,54,62,40,16,2,36,210
5,2013,Culture-loisirs,56,34,39,13,29,53,224
5,2013,Economie,49,71,38,37,13,25,233
5,2013,Education,16,23,8,3,3,10,63
5,2013,Environnement,24,34,27,8,9,13,115
5,2013,Faits divers,34,63,31,30,2,52,212
5,2013,Histoire-hommages,13,15,8,4,10,8,58
5,2013,International,26,60,22,36,103,33,280
5,2013,Justice,32,42,31,37,16,29,187
5,2013,Politique France,55,75,36,29,16,39,250
5,2013,Sante,28,33,26,17,3,24,131
5,2013,Sciences et techniques,12,16,7,6,2,4,47
5,2013,Societe,75,90,69,41,43,74,392
5,2013,Sport,63,48,34,26,0,23,194
6,2013,Catastrophes,60,62,39,21,5,42,229
6,2013,Culture-loisirs,65,32,22,14,30,52,215
6,2013,Economie,41,84,35,26,17,36,239
6,2013,Education,26,22,18,6,0,15,87
6,2013,Environnement,20,39,12,8,3,19,101
6,2013,Faits divers,16,17,22,9,1,28,93
6,2013,Histoire-hommages,13,21,12,9,5,8,68
6,2013,International,55,67,44,63,115,43,387
6,2013,Justice,27,47,35,48,25,32,214
6,2013,Politique France,52,55,44,33,12,44,240
6,2013,Sante,18,34,18,14,2,24,110
6,2013,Sciences et techniques,8,7,2,8,1,7,33
6,2013,Societe,79,119,79,56,26,73,432
6,2013,Sport,46,47,31,24,0,36,184
7,2013,Catastrophes,96,141,74,50,10,83,454
7,2013,Culture-loisirs,74,53,23,7,33,53,243
7,2013,Economie,63,67,43,25,16,38,252
7,2013,Education,10,12,7,2,0,6,37
7,2013,Environnement,49,59,27,13,3,22,173
7,2013,Faits divers,28,35,24,25,2,38,152
7,2013,Histoire-hommages,9,8,8,1,1,5,32
7,2013,International,54,75,50,62,160,47,448
7,2013,Justice,27,44,25,41,44,23,204
7,2013,Politique France,51,81,48,32,7,41,260
7,2013,Sante,19,27,21,7,1,14,89
7,2013,Sciences et techniques,11,17,8,4,1,11,52
7,2013,Societe,148,192,101,90,32,132,695
7,2013,Sport,57,66,53,50,0,40,266
8,2013,Catastrophes,34,56,38,18,3,24,173
8,2013,Culture-loisirs,70,50,25,12,26,39,222
8,2013,Economie,62,91,52,19,15,31,270
8,2013,Education,19,8,11,5,0,12,55
8,2013,Environnement,26,31,19,11,11,7,105
8,2013,Faits divers,57,63,49,42,5,53,269
8,2013,Histoire-hommages,8,4,5,5,6,2,30
8,2013,International,59,102,47,63,110,53,434
8,2013,Justice,17,27,20,21,19,23,127
8,2013,Politique France,23,29,23,12,3,25,115
8,2013,Sante,13,6,17,5,7,10,58
8,2013,Sciences et techniques,17,19,10,4,1,10,61
8,2013,Societe,96,142,58,63,19,88,466
8,2013,Sport,44,52,24,21,1,21,163
9,2013,Catastrophes,16,30,17,12,3,19,97
9,2013,Culture-loisirs,56,35,32,7,27,43,200
9,2013,Economie,53,74,42,34,16,27,246
9,2013,Education,21,30,10,8,2,19,90
9,2013,Environnement,23,39,22,15,13,15,127
9,2013,Faits divers,47,61,41,17,1,56,223
9,2013,Histoire-hommages,5,13,6,5,4,4,37
9,2013,International,95,120,76,53,120,65,529
9,2013,Justice,14,17,19,15,13,18,96
9,2013,Politique France,30,45,32,15,6,27,155
9,2013,Sante,18,17,16,9,3,9,72
9,2013,Sciences et techniques,15,7,4,6,1,5,38
9,2013,Societe,75,92,64,41,22,77,371
9,2013,Sport,44,39,14,15,1,27,140
10,2013,Catastrophes,40,63,42,15,18,33,211
10,2013,Culture-loisirs,71,49,26,14,34,65,259
10,2013,Economie,88,117,87,46,23,57,418
10,2013,Education,19,17,10,1,1,4,52
10,2013,Environnement,20,36,15,15,7,14,107
10,2013,Faits divers,31,37,34,13,1,44,160
10,2013,Histoire-hommages,11,15,14,4,13,10,67
10,2013,International,71,97,38,63,125,43,437
10,2013,Justice,30,31,34,18,14,28,155
10,2013,Politique France,63,89,50,34,15,55,306
10,2013,Sante,32,24,25,12,5,27,125
10,2013,Sciences et techniques,11,21,7,11,5,11,66
10,2013,Societe,101,157,84,70,39,128,579
10,2013,Sport,52,40,31,15,1,22,161
11,2013,Catastrophes,48,57,34,17,11,22,189
11,2013,Culture-loisirs,47,41,13,16,25,45,187
11,2013,Economie,92,109,71,41,20,66,399
11,2013,Education,7,6,8,5,3,7,36
11,2013,Environnement,10,26,21,6,13,14,90
11,2013,Faits divers,33,37,41,15,1,46,173
11,2013,Histoire-hommages,27,31,23,10,16,17,124
11,2013,International,52,78,40,61,102,46,379
11,2013,Justice,12,15,25,19,7,32,110
11,2013,Politique France,28,28,29,26,5,20,136
11,2013,Sante,11,18,16,3,0,11,59
11,2013,Sciences et techniques,6,15,8,5,4,8,46
11,2013,Societe,74,93,66,54,32,60,379
11,2013,Sport,52,32,27,24,2,26,163
12,2013,Catastrophes,58,60,51,33,0,40,242
12,2013,Culture-loisirs,71,69,26,12,33,59,270
12,2013,Economie,86,113,66,31,16,41,353
12,2013,Education,10,12,7,4,2,8,43
12,2013,Environnement,23,31,23,14,3,15,109
12,2013,Faits divers,43,40,38,19,3,48,191
12,2013,Histoire-hommages,46,54,37,26,15,33,211
12,2013,International,79,101,57,87,141,53,518
12,2013,Justice,18,16,24,14,16,26,114
12,2013,Politique France,28,36,31,29,5,21,150
12,2013,Sante,17,20,19,7,3,22,88
12,2013,Sciences et techniques,9,14,13,7,6,11,60
12,2013,Societe,117,158,114,71,44,113,617
12,2013,Sport,33,27,22,11,0,20,113
1,2014,Catastrophes,61,71,47,13,2,49,243
1,2014,Culture-loisirs,50,40,16,13,22,40,181
1,2014,Economie,46,61,34,26,14,29,210
1,2014,Education,18,13,12,3,3,10,59
1,2014,Environnement,29,29,35,14,10,12,129
1,2014,Faits divers,20,20,21,13,1,34,109
1,2014,Histoire-hommages,9,13,13,5,12,9,61
1,2014,International,46,72,35,55,124,36,368
1,2014,Justice,32,34,33,21,12,41,173
1,2014,Politique France,31,35,31,14,5,24,140
1,2014,Sante,28,25,25,10,1,22,111
1,2014,Sciences et techniques,13,7,12,12,2,6,52
1,2014,Societe,114,146,78,63,22,110,533
1,2014,Sport,44,32,24,18,2,23,143
2,2014,Catastrophes,58,54,50,15,2,57,236
2,2014,Culture-loisirs,45,41,16,14,28,41,185
2,2014,Economie,70,76,46,24,14,38,268
2,2014,Education,13,7,1,0,2,5,28
2,2014,Environnement,47,64,28,9,5,24,177
2,2014,Faits divers,17,28,18,14,3,44,124
2,2014,Histoire-hommages,6,10,4,5,9,3,37
2,2014,International,64,99,47,64,115,60,449
2,2014,Justice,20,19,22,23,15,29,128
2,2014,Politique France,22,20,15,13,9,11,90
2,2014,Sante,15,16,17,7,2,10,67
2,2014,Sciences et techniques,12,11,2,5,1,7,38
2,2014,Societe,91,90,56,49,26,103,415
2,2014,Sport,73,117,33,18,5,39,285
3,2014,Catastrophes,51,53,29,16,10,34,193
3,2014,Culture-loisirs,37,32,23,17,28,44,181
3,2014,Economie,39,60,34,17,10,24,184
3,2014,Education,7,9,4,1,5,7,33
3,2014,Environnement,47,55,37,16,6,27,188
3,2014,Faits divers,11,11,10,12,0,28,72
3,2014,Histoire-hommages,11,12,12,5,10,7,57
3,2014,International,87,111,46,60,113,41,458
3,2014,Justice,45,50,39,45,20,49,248
3,2014,Politique France,55,77,62,26,15,60,295
3,2014,Sante,14,21,16,9,3,14,77
3,2014,Sciences et techniques,11,12,5,6,3,6,43
3,2014,Societe,64,69,43,40,18,66,300
3,2014,Sport,32,35,20,18,0,17,122
4,2014,Catastrophes,18,36,16,20,9,21,120
4,2014,Culture-loisirs,53,50,20,21,35,42,221
4,2014,Economie,67,79,58,26,19,42,291
4,2014,Education,11,8,8,0,2,9,38
4,2014,Environnement,23,27,17,4,4,4,79
4,2014,Faits divers,24,33,34,14,1,54,160
4,2014,Histoire-hommages,21,22,17,8,11,10,89
4,2014,International,74,114,63,78,144,77,550
4,2014,Justice,24,30,35,22,10,43,164
4,2014,Politique France,112,146,94,54,24,73,503
4,2014,Sante,19,22,20,1,6,22,90
4,2014,Sciences et techniques,15,16,12,7,3,13,66
4,2014,Societe,99,130,81,47,35,104,496
4,2014,Sport,46,40,31,39,0,24,180
5,2014,Catastrophes,25,32,22,10,10,31,130
5,2014,Culture-loisirs,60,33,29,21,23,46,212
5,2014,Economie,42,82,43,31,7,32,237
5,2014,Education,16,9,6,1,0,6,38
5,2014,Environnement,20,23,9,5,2,5,64
5,2014,Faits divers,23,29,30,7,0,43,132
5,2014,Histoire-hommages,18,24,19,6,9,6,82
5,2014,International,114,155,79,77,138,88,651
5,2014,Justice,28,36,36,21,7,34,162
5,2014,Politique France,23,38,34,15,8,22,140
5,2014,Sante,15,9,16,7,2,20,69
5,2014,Sciences et techniques,8,17,2,4,1,11,43
5,2014,Societe,58,87,64,30,25,75,339
5,2014,Sport,52,47,27,27,0,26,179
6,2014,Catastrophes,10,24,10,8,3,24,79
6,2014,Culture-loisirs,23,40,18,18,30,43,172
6,2014,Economie,30,57,27,14,13,24,165
6,2014,Education,21,13,17,6,3,19,79
6,2014,Environnement,12,24,15,3,3,9,66
6,2014,Faits divers,16,19,18,14,1,37,105
6,2014,Histoire-hommages,45,57,39,13,6,32,192
6,2014,International,48,89,35,62,124,47,405
6,2014,Justice,28,41,33,34,17,39,192
6,2014,Politique France,32,43,15,12,7,18,127
6,2014,Sante,6,5,8,2,2,11,34
6,2014,Sciences et techniques,3,8,4,5,0,7,27
6,2014,Societe,98,126,83,48,21,95,471
6,2014,Sport,150,93,57,46,2,77,425
7,2014,Catastrophes,131,140,87,41,26,88,513
7,2014,Culture-loisirs,49,40,31,27,35,43,225
7,2014,Economie,51,65,43,15,12,36,222
7,2014,Education,9,10,10,4,2,7,42
7,2014,Environnement,19,38,20,9,4,14,104
7,2014,Faits divers,20,29,24,15,1,28,117
7,2014,Histoire-hommages,17,19,12,8,9,4,69
7,2014,International,68,115,43,83,143,60,512
7,2014,Justice,26,45,33,25,13,39,181
7,2014,Politique France,37,47,38,23,10,27,182
7,2014,Sante,9,22,13,12,6,8,70
7,2014,Sciences et techniques,5,15,7,9,0,2,38
7,2014,Societe,95,123,91,47,30,97,483
7,2014,Sport,152,112,69,58,9,87,487
8,2014,Catastrophes,32,45,35,14,5,25,156
8,2014,Culture-loisirs,62,37,12,18,26,42,197
8,2014,Economie,66,68,43,18,12,34,241
8,2014,Education,17,8,4,2,0,11,42
8,2014,Environnement,27,23,11,5,3,10,79
8,2014,Faits divers,16,31,29,8,2,30,116
8,2014,Histoire-hommages,29,30,26,14,13,20,132
8,2014,International,75,113,54,82,120,62,506
8,2014,Justice,16,26,16,13,4,15,90
8,2014,Politique France,48,55,45,24,10,30,212
8,2014,Sante,11,27,13,18,13,7,89
8,2014,Sciences et techniques,12,11,5,9,2,10,49
8,2014,Societe,51,99,76,37,29,72,364
8,2014,Sport,47,74,35,29,0,33,218
9,2014,Catastrophes,40,54,40,7,6,47,194
9,2014,Culture-loisirs,63,43,24,20,30,56,236
9,2014,Economie,66,85,60,30,6,43,290
9,2014,Education,23,20,20,5,2,32,102
9,2014,Environnement,24,32,19,7,6,7,95
9,2014,Faits divers,21,30,26,6,1,44,128
9,2014,Histoire-hommages,10,9,8,3,5,0,35
9,2014,International,132,163,67,86,177,72,697
9,2014,Justice,27,29,27,16,6,36,141
9,2014,Politique France,74,103,76,32,14,56,355
9,2014,Sante,18,30,22,19,12,26,127
9,2014,Sciences et techniques,7,16,8,6,1,9,47
9,2014,Societe,109,134,92,42,22,85,484
9,2014,Sport,45,40,23,42,0,16,166
10,2014,Catastrophes,43,51,31,12,3,34,174
10,2014,Culture-loisirs,45,30,28,28,26,33,190
10,2014,Economie,67,81,63,17,11,35,274
10,2014,Education,10,5,2,2,1,2,22
10,2014,Environnement,47,55,35,13,2,32,184
10,2014,Faits divers,17,22,23,10,2,31,105
10,2014,Histoire-hommages,4,9,5,2,5,2,27
10,2014,International,54,99,47,58,121,47,426
10,2014,Justice,24,26,25,16,8,32,131
10,2014,Politique France,37,37,27,22,8,15,146
10,2014,Sante,27,57,49,17,19,49,218
10,2014,Sciences et techniques,10,10,10,1,3,8,42
10,2014,Societe,57,102,98,29,27,70,383
10,2014,Sport,48,33,25,32,0,17,155
11,2014,Catastrophes,40,50,42,6,3,36,177
11,2014,Culture-loisirs,48,38,32,20,21,52,211
11,2014,Economie,50,69,38,19,15,23,214
11,2014,Education,9,9,4,1,0,7,30
11,2014,Environnement,56,32,28,11,13,20,160
11,2014,Faits divers,21,23,20,7,0,43,114
11,2014,Histoire-hommages,25,22,20,5,10,8,90
11,2014,International,58,84,44,48,105,42,381
11,2014,Justice,32,39,31,19,16,31,168
11,2014,Politique France,37,57,35,29,4,22,184
11,2014,Sante,16,14,18,4,7,20,79
11,2014,Sciences et techniques,17,22,8,7,5,12,71
11,2014,Societe,84,86,59,43,33,86,391
11,2014,Sport,38,39,26,41,0,30,174
12,2014,Catastrophes,74,88,57,16,16,56,307
12,2014,Culture-loisirs,80,55,44,28,25,74,306
12,2014,Economie,79,86,61,22,24,44,316
12,2014,Education,11,8,6,5,1,5,36
12,2014,Environnement,33,43,24,10,12,17,139
12,2014,Faits divers,25,31,29,17,10,47,159
12,2014,Histoire-hommages,6,20,11,2,6,4,49
12,2014,International,60,91,35,51,128,37,402
12,2014,Justice,13,16,11,11,14,32,97
12,2014,Politique France,49,50,39,23,7,20,188
12,2014,Sante,25,30,26,7,10,20,118
12,2014,Sciences et techniques,11,10,6,7,3,6,43
12,2014,Societe,141,182,118,65,46,130,682
12,2014,Sport,31,27,17,43,0,16,134
1,2015,Catastrophes,29,27,35,7,5,34,137
1,2015,Culture-loisirs,41,34,18,26,25,47,191
1,2015,Economie,39,48,23,13,8,16,147
1,2015,Education,8,10,6,2,3,8,37
1,2015,Environnement,21,15,8,4,1,8,57
1,2015,Faits divers,6,6,10,4,0,6,32
1,2015,Histoire-hommages,16,14,13,10,11,13,77
1,2015,International,65,98,51,55,108,44,421
1,2015,Justice,13,8,11,13,6,20,71
1,2015,Politique France,223,262,144,79,58,191,957
1,2015,Sante,18,17,13,5,2,20,75
1,2015,Sciences et techniques,10,4,3,3,0,5,25
1,2015,Societe,72,91,67,27,32,79,368
1,2015,Sport,25,23,13,26,0,10,97
2,2015,Catastrophes,48,38,37,4,3,26,156
2,2015,Culture-loisirs,54,37,23,27,26,40,207
2,2015,Economie,84,107,66,29,40,51,377
2,2015,Education,16,7,6,2,1,8,40
2,2015,Environnement,32,27,26,6,2,15,108
2,2015,Faits divers,22,28,20,9,3,25,107
2,2015,Histoire-hommages,7,16,9,2,6,4,44
2,2015,International,65,92,60,52,114,51,434
2,2015,Justice,22,26,17,23,11,29,128
2,2015,Politique France,50,62,33,20,10,45,220
2,2015,Sante,15,12,15,3,2,17,64
2,2015,Sciences et techniques,8,8,5,5,0,5,31
2,2015,Societe,50,76,54,41,20,68,309
2,2015,Sport,41,41,25,27,1,27,162
3,2015,Catastrophes,97,133,72,27,15,74,418
3,2015,Culture-loisirs,45,30,25,27,23,42,192
3,2015,Economie,51,62,35,21,17,18,204
3,2015,Education,15,12,7,3,0,9,46
3,2015,Environnement,41,41,43,9,10,30,174
3,2015,Faits divers,53,59,39,23,8,57,239
3,2015,Histoire-hommages,6,9,6,1,9,1,32
3,2015,International,64,99,38,42,160,55,458
3,2015,Justice,11,21,18,18,13,27,108
3,2015,Politique France,102,138,58,34,15,91,438
3,2015,Sante,29,25,17,7,2,23,103
3,2015,Sciences et techniques,14,25,12,3,4,17,75
3,2015,Societe,91,83,68,39,40,94,415
3,2015,Sport,36,34,34,41,1,27,173
4,2015,Catastrophes,69,64,53,25,12,57,280
4,2015,Culture-loisirs,43,36,36,34,26,39,214
4,2015,Economie,44,80,50,15,17,40,246
4,2015,Education,13,10,4,0,3,4,34
4,2015,Environnement,17,17,7,6,2,11,60
4,2015,Faits divers,48,51,45,21,2,54,221
4,2015,Histoire-hommages,29,26,30,11,24,19,139
4,2015,International,32,55,19,29,88,35,258
4,2015,Justice,21,18,9,7,13,33,101
4,2015,Politique France,48,56,48,30,17,34,233
4,2015,Sante,25,7,15,6,2,17,72
4,2015,Sciences et techniques,11,10,7,7,5,9,49
4,2015,Societe,73,110,51,32,29,89,384
4,2015,Sport,33,22,20,34,0,16,125
5,2015,Catastrophes,27,23,21,5,8,28,112
5,2015,Culture-loisirs,50,39,29,23,26,58,225
5,2015,Economie,49,89,47,12,5,25,227
5,2015,Education,24,22,19,4,4,20,93
5,2015,Environnement,18,26,17,4,9,4,78
5,2015,Faits divers,16,15,24,4,1,18,78
5,2015,Histoire-hommages,21,24,17,10,11,13,96
5,2015,International,51,98,35,52,128,48,412
5,2015,Justice,25,15,18,15,12,29,114
5,2015,Politique France,33,34,32,18,6,25,148
5,2015,Sante,20,20,12,4,2,26,84
5,2015,Sciences et techniques,16,6,6,3,0,12,43
5,2015,Societe,98,97,54,21,27,81,378
5,2015,Sport,47,28,25,40,4,28,172
6,2015,Catastrophes,32,26,13,10,3,34,118
6,2015,Culture-loisirs,51,40,24,29,34,60,238
6,2015,Economie,77,142,70,42,47,57,435
6,2015,Education,21,23,8,2,0,14,68
6,2015,Environnement,39,31,27,4,14,22,137
6,2015,Faits divers,25,18,27,11,6,42,129
6,2015,Histoire-hommages,23,14,13,7,6,14,77
6,2015,International,89,117,55,69,124,64,518
6,2015,Justice,27,23,24,25,17,33,149
6,2015,Politique France,79,84,68,49,11,66,357
6,2015,Sante,23,8,16,8,5,32,92
6,2015,Sciences et techniques,10,15,11,4,6,16,62
6,2015,Societe,89,106,83,46,29,79,432
6,2015,Sport,59,46,38,54,4,43,244
